Song, album, singer,group, writer, tune, src, genre, subgenre
রাতের কালো, হৃদয়পুরের গীতি, আবদুস শাকুর তুহিন, প্রত্যয় শিল্পী গোষ্ঠী, অজানা, অজানা, https://dl.dropbox.com/s/bvdoj0bztkrgh3o/01.rater%20kalo%20ghor.mp3?dl=0, অনির্দিষ্ট, অনির্দিষ্ট
everything should be, হৃদয়পুরের গীতি, আবদুস শাকুর তুহিন, প্রত্যয় শিল্পী গোষ্ঠী, অজানা, অজানা, https://dl.dropbox.com/s/16273cq9r1be7zp/02.everything%20should.mp3?dl=0, অনির্দিষ্ট, ঈমান
চোখ জুড়িয়ে যায়, হৃদয়পুরের গীতি, আবদুস শাকুর তুহিন, প্রত্যয় শিল্পী গোষ্ঠী, অজানা, অজানা, https://dl.dropbox.com/s/o7q0p8zuehzza5e/03.chokh%20juriye%20jay.mp3?dl=0, দেশাত্মবোধক, অনির্দিষ্ট
ইয়া রাসুলুল্লাহ (সা), হৃদয়পুরের গীতি, আবদুস শাকুর তুহিন, প্রত্যয় শিল্পী গোষ্ঠী, অজানা, অজানা, https://dl.dropbox.com/s/mt4uy0ptyb1x5tv/04.ya%20rasulallah.mp3?dl=0, নাতে রাসুল, অনির্দিষ্ট
সময় সময়, হৃদয়পুরের গীতি, আবদুস শাকুর তুহিন, প্রত্যয় শিল্পী গোষ্ঠী, অজানা, অজানা, https://dl.dropbox.com/s/a29b182jzkrozlo/05.somoy%20somoy.mp3?dl=0, অনির্দিষ্ট, অনির্দিষ্ট
মনের মাঝে প্রভূ, হৃদয়পুরের গীতি, আবদুস শাকুর তুহিন, প্রত্যয় শিল্পী গোষ্ঠী, অজানা, অজানা, https://dl.dropbox.com/s/4wgp1btdt9pi2b6/06.moner%20majhe%20provu%20prem.mp3?dl=0, হামদ, অনির্দিষ্ট
Man is crying, হৃদয়পুরের গীতি, আবদুস শাকুর তুহিন, প্রত্যয় শিল্পী গোষ্ঠী, অজানা, অজানা, https://dl.dropbox.com/s/vhzf1hjjw03hvar/07Man%20is%20crying.mp3?dl=0, আদর্শ, অনির্দিষ্ট
মাটির কলসে, হৃদয়পুরের গীতি, আবদুস শাকুর তুহিন, প্রত্যয় শিল্পী গোষ্ঠী, অজানা, অজানা, https://dl.dropbox.com/s/qvyctyhmt3ujtac/08matir%20kolose.mp3?dl=0, অনির্দিষ্ট, তাওবা
সুতো কাটা ঘুড়ি, হৃদয়পুরের গীতি, আবদুস শাকুর তুহিন, প্রত্যয় শিল্পী গোষ্ঠী, অজানা, অজানা, https://dl.dropbox.com/s/hyghvxf63xwokgd/09.suto%20kata%20ghuri.mp3?dl=0, আদর্শ, অনির্দিষ্ট
মাটির বাসন মাটির আসন, হৃদয়পুরের গীতি, আবদুস শাকুর তুহিন, প্রত্যয় শিল্পী গোষ্ঠী, অজানা, অজানা, https://dl.dropbox.com/s/bchgc3fpipco9zo/10.matir%20bason%20matir%20ason.mp3?dl=0, অনির্দিষ্ট, তাওবা
কতটা রাত কেটেছে, হৃদয়পুরের গীতি, আবদুস শাকুর তুহিন, প্রত্যয় শিল্পী গোষ্ঠী, অজানা, অজানা, https://dl.dropbox.com/s/w9vl3xucmect81n/11.kotota%20rat%20ketechhe.mp3?dl=0, অনির্দিষ্ট, অনির্দিষ্ট
বুকের ভেতর কান্না, হৃদয়পুরের গীতি, আবদুস শাকুর তুহিন, প্রত্যয় শিল্পী গোষ্ঠী, অজানা, অজানা, https://dl.dropbox.com/s/t4je1g8zpryfces/12.buker%20vetor%20kanna.mp3?dl=0, অনির্দিষ্ট, অনির্দিষ্ট
তোমারই জন্য মন কাঁদে,তোমারই জন্য মন কাঁদে,তারিক মুনাওয়ার,NA,NA,NA,https://www.dropbox.com/scl/fi/ccg2ccojkeyuhllvt33bw/01-tomari-jonyo-mon-kande.mp3?rlkey=zcgvkysuwvy24jpds7sworvhq&dl=1,অনির্দিষ্ট,অনির্দিষ্ট
আঁখির আড়াল হলে,তোমারই জন্য মন কাঁদে,তারিক মুনাওয়ার,NA,NA,NA,https://www.dropbox.com/scl/fi/o5s9kuay10jzrsl4iyy0q/02-ankhir-aral-hole.mp3?rlkey=aietajtbp9ng0536cqykw7lni&dl=1,অনির্দিষ্ট,অনির্দিষ্ট
ও রাহীম ও রহমান,তোমারই জন্য মন কাঁদে,তারিক মুনাওয়ার,NA,NA,NA,https://www.dropbox.com/scl/fi/29759crohzam0r25n1fhn/03-o-rahim-o-rahman.mp3?rlkey=51uwxj389o3y4rg29bhej2dbz&dl=1,অনির্দিষ্ট,অনির্দিষ্ট
আজও সেই কুরআন আছে,তোমারই জন্য মন কাঁদে,তারিক মুনাওয়ার,NA,NA,NA,https://www.dropbox.com/scl/fi/6fztzniq82cpc14ugkux3/4-ajo-sei-quran.mp3?rlkey=4xinhzx1gc9hf7fcsfrd80ng3&dl=1,অনির্দিষ্ট,অনির্দিষ্ট
ও নদী তুমি বইছো কেন?,তোমারই জন্য মন কাঁদে,তারিক মুনাওয়ার,NA,NA,NA,https://www.dropbox.com/scl/fi/zu9ty4gisr65k1urxlcrs/05-o-nodi-tumi.mp3?rlkey=elkttzeeie0mpggpt25trq4b8&dl=1,অনির্দিষ্ট,অনির্দিষ্ট
হায়রে জীবন,তোমারই জন্য মন কাঁদে,তারিক মুনাওয়ার,NA,NA,NA,https://www.dropbox.com/scl/fi/7bbo9rnvjf3izeel2ld39/06-hayre-jibon.mp3?rlkey=c3avij00ag2dxw91q1dbjwz1r&dl=1,অনির্দিষ্ট,অনির্দিষ্ট
আকাশরে তুই আলো,তোমারই জন্য মন কাঁদে,তারিক মুনাওয়ার,NA,NA,NA,https://www.dropbox.com/scl/fi/90a7q7b6o8zwhzml6j8da/07-akashre-tui-alo.mp3?rlkey=ijpx4z5rd61pert86zgezhbnw&dl=1,অনির্দিষ্ট,অনির্দিষ্ট
যত জ্বালা বিরহের,তোমারই জন্য মন কাঁদে,তারিক মুনাওয়ার,NA,NA,NA,https://www.dropbox.com/scl/fi/dnas1w3dunpvg68mtels7/08-zoto-jwala-biroher.mp3?rlkey=qqpyvfaoq0cclxsr7xqyc7s6m&dl=1,অনির্দিষ্ট,অনির্দিষ্ট
সবারই জীবনে সুখ,তোমারই জন্য মন কাঁদে,তারিক মুনাওয়ার,NA,NA,NA,https://www.dropbox.com/scl/fi/3p6bzrg5xxt9m9qer4jui/09-sobari-jibone-sukh.mp3?rlkey=tq1h9fxocxhz9vki3p6glssx5&dl=1,অনির্দিষ্ট,অনির্দিষ্ট
ঝর্ণা ঝর্ণা ঝর্ণারে,তোমারই জন্য মন কাঁদে,তারিক মুনাওয়ার,NA,NA,NA,https://www.dropbox.com/scl/fi/peytt6vhlsgf3spyp8hse/10-jhorna-jhorna.MP3?rlkey=axn4a547uei1w3rr3dtx1mmy9&dl=1,অনির্দিষ্ট,অনির্দিষ্ট
পল্লী গাঁয়ের ঐ,তোমারই জন্য মন কাঁদে,তারিক মুনাওয়ার,NA,NA,NA,https://www.dropbox.com/scl/fi/6xq2kkk5sdx3h79nqmt4b/11-polli-gayenr-oi.MP3?rlkey=rcx2fnrlmsz3yjr3nqi0z56db&dl=1,অনির্দিষ্ট,অনির্দিষ্ট
তোমাকেই ভালবেসেছি বলে,তোমারই জন্য মন কাঁদে,তারিক মুনাওয়ার,NA,NA,NA,https://www.dropbox.com/scl/fi/j3iuaa4e6f728ese4at0k/12-tomake0-val-beshechi-bole.mp3?rlkey=h25c054agn0qlsnbqy9sv4m55&dl=1,অনির্দিষ্ট,অনির্দিষ্ট
সব হৃদয়ের মালিক,তোমারই জন্য মন কাঁদে,তারিক মুনাওয়ার,NA,NA,NA,https://www.dropbox.com/scl/fi/fx2clxpid9ghqrntr9jzg/13-sob-hridoyer-malik.mp3?rlkey=98eghyzislrfyv97sy1fgoc4y&dl=1,অনির্দিষ্ট,অনির্দিষ্ট
আমাকে শহীদ করে,তোমারই জন্য মন কাঁদে,তারিক মুনাওয়ার,NA,NA,NA,https://www.dropbox.com/scl/fi/86c2eyf8pvf01w85wxj5z/14-amake-shahid-kore.MP3?rlkey=hw0cxmpridhxl38qy0rcxjtou&dl=1,অনির্দিষ্ট,অনির্দিষ্ট
ঝর্ণার পাশে দাঁড়ালে,তোমাকেই শুধু মনে হয়,NA,সাইমুম শিল্পী গোষ্ঠী,NA,NA,https://www.dropbox.com/s/qp0thihc5n853qs/01%20Jharnar%20Pashe.mp3?dl=1,অনির্দিষ্ট,অনির্দিষ্ট
নীল আকাশে লক্ষ,তোমাকেই শুধু মনে হয়,NA,সাইমুম শিল্পী গোষ্ঠী,NA,NA,https://www.dropbox.com/s/q4zg9b5mbksqxvz/02%20Nil%20Akashe.mp3?dl=1,অনির্দিষ্ট,অনির্দিষ্ট
হাজার নদী মাঠ,তোমাকেই শুধু মনে হয়,NA,সাইমুম শিল্পী গোষ্ঠী,NA,NA,https://www.dropbox.com/s/gsl0ry28n4zlmxb/03%20Hajar%20Nody%20Math.mp3?dl=1,অনির্দিষ্ট,অনির্দিষ্ট
লক্ষ তারার মাঝে,তোমাকেই শুধু মনে হয়,NA,সাইমুম শিল্পী গোষ্ঠী,NA,NA,https://www.dropbox.com/s/1f1t6mkj05z1r97/04%20Lokkho%20Tarar.mp3?dl=1,অনির্দিষ্ট,অনির্দিষ্ট
আল কুরআনের পথ,তোমাকেই শুধু মনে হয়,NA,সাইমুম শিল্পী গোষ্ঠী,NA,NA,https://www.dropbox.com/s/7n9420oh9h8rtal/05%20Al-Quraner%20Path.mp3?dl=1,অনির্দিষ্ট,অনির্দিষ্ট
নামের বড়াই,তোমাকেই শুধু মনে হয়,NA,সাইমুম শিল্পী গোষ্ঠী,NA,NA,https://www.dropbox.com/s/bcym5hl8x1oxc9u/06%20Namer%20Borai.mp3?dl=1,অনির্দিষ্ট,অনির্দিষ্ট
উই দ্য মুসলিম উম্মাহ,তোমাকেই শুধু মনে হয়,NA,সাইমুম শিল্পী গোষ্ঠী,NA,NA,https://www.dropbox.com/s/qdfll79znw4mr1a/07%20We%20The%20Muslim.mp3?dl=1,অনির্দিষ্ট,অনির্দিষ্ট
আমার রবের দয়ার কথা,তোমাকেই শুধু মনে হয়,NA,সাইমুম শিল্পী গোষ্ঠী,NA,NA,https://www.dropbox.com/s/9y09ruyvppic3zv/08%20Amar%20Rober.mp3?dl=1,অনির্দিষ্ট,অনির্দিষ্ট
গল্প বলি শোনো,তোমাকেই শুধু মনে হয়,NA,সাইমুম শিল্পী গোষ্ঠী,NA,NA,https://www.dropbox.com/s/tzjvqmjnf8os2jl/09Golpo%20boli.mp3?dl=1,অনির্দিষ্ট,অনির্দিষ্ট
ফিরে ফিরে আসি,তোমাকেই শুধু মনে হয়,NA,সাইমুম শিল্পী গোষ্ঠী,NA,NA,https://www.dropbox.com/s/ejap5ynaq5s29um/10Fire%20fire%20asi%20ei.mp3?dl=1,অনির্দিষ্ট,অনির্দিষ্ট
দুঃখীদের প্রিয়জন,তোমাকেই শুধু মনে হয়,NA,সাইমুম শিল্পী গোষ্ঠী,NA,NA,https://www.dropbox.com/s/mb5xxeka94eizsu/12%20Dukhider%20Priyo.mp3?dl=1,অনির্দিষ্ট,অনির্দিষ্ট
হাজার দেশের এই পৃথিবী,তোমাকেই শুধু মনে হয়,NA,সাইমুম শিল্পী গোষ্ঠী,NA,NA,https://www.dropbox.com/s/gryjvuir42rhtjf/13Hajar%20desher.mp3?dl=1,অনির্দিষ্ট,অনির্দিষ্ট
তাওয়াক্কুল ইয়া আখি,তোমাকেই শুধু মনে হয়,NA,সাইমুম শিল্পী গোষ্ঠী,NA,NA,https://www.dropbox.com/s/rshkmjin6cnxq7d/14%20Tawaqqul%20Ya.mp3?dl=1,অনির্দিষ্ট,অনির্দিষ্ট
ঝর্ণার পাশে দাঁড়ালে,তোমাকেই শুধু মনে হয়,NA,সাইমুম শিল্পী গোষ্ঠী,NA,NA,https://www.dropbox.com/s/qp0thihc5n853qs/01%20Jharnar%20Pashe.mp3?dl=1,অনির্দিষ্ট,অনির্দিষ্ট
সারা জীবন আমি,তারিক মুনাওয়ার-০৩ ,তারিক মুনাওয়ার,NA,NA,NA,https://www.dropbox.com/s/peaa1q5to6rh3gs/26-sara-jibon-ami.mp3?dl=1,অনির্দিষ্ট,অনির্দিষ্ট
যেথায় হযরত,তারিক মুনাওয়ার-০৩,তারিক মুনাওয়ার,NA,NA,NA,https://dl.dropbox.com/s/k2ebluxnkw056cq/11-zethay-hazrat.mp3,NA,NA
মসজিদেরই পাশে আমার,তারিক মুনাওয়ার-০৩,তারিক মুনাওয়ার,NA,NA,NA,https://dl.dropbox.com/s/z2sb3cependtqik/12-masjider-pashe.mp3,NA,NA
ভোর হলো ওঠ,তারিক মুনাওয়ার-০৩,তারিক মুনাওয়ার,NA,NA,NA,https://dl.dropbox.com/s/8id5gxfzw2zxmof/13-vor-holo-uth.mp3,NA,NA
আমি যদি আরব,তারিক মুনাওয়ার-০৩,তারিক মুনাওয়ার,NA,NA,NA,https://dl.dropbox.com/s/w3ju7xncfa6oh60/14-ami-zdoi-arob.mp3,NA,NA
ও মন রমজানের,তারিক মুনাওয়ার-০৩,তারিক মুনাওয়ার,NA,NA,NA,https://dl.dropbox.com/s/pn8pono8bog11h8/15-o-mon-romjaner.mp3,NA,NA
আমার জীবন,তারিক মুনাওয়ার-০৩,তারিক মুনাওয়ার,NA,NA,NA,https://dl.dropbox.com/s/lnbf2ssp4nk3vzo/16-amar-jibon.mp3,NA,NA
হে রাসুল তুমি,তারিক মুনাওয়ার-০৩,তারিক মুনাওয়ার,NA,NA,NA,https://dl.dropbox.com/s/67dlqjzhv6hirg9/17-he-rasul-tumi.mp3,NA,NA
গোলা থরে থরে,তারিক মুনাওয়ার-০৩,তারিক মুনাওয়ার,NA,NA,NA,https://dl.dropbox.com/s/d8w9hqytt2pt0s4/18-golap-thore.mp3,NA,NA
তুমি আছো হৃদয়ের,তারিক মুনাওয়ার-০৩,তারিক মুনাওয়ার,NA,NA,NA,https://dl.dropbox.com/s/8t5sxaltt239u21/19-tumi-acho-hridoyer.mp3,NA,NA
দুদিনের দুনিয়া,তারিক মুনাওয়ার-০৩,তারিক মুনাওয়ার,NA,NA,NA,https://dl.dropbox.com/s/jhf96yeirgmd5bi/20-dudiner-dunia.mp3,NA,NA
পরওয়ার দিগার,তারিক মুনাওয়ার-০৩,তারিক মুনাওয়ার,NA,NA,NA,https://dl.dropbox.com/s/bfwt4mw1bm9bx5e/21-parwar-digar.mp3,NA,NA
আমি অনেক ভরসায়,তারিক মুনাওয়ার-০৩,তারিক মুনাওয়ার,NA,NA,NA,https://dl.dropbox.com/s/tqst3xa4nvxdv7f/22-ami-one-vorosay.mp3,NA,NA
হে প্রিয় হে রাসুল,তারিক মুনাওয়ার-০৩,তারিক মুনাওয়ার,NA,NA,NA,https://dl.dropbox.com/s/cqupbi01e4303tw/23-he-priyo-he-rasul.mp3,NA,NA
এই ভূবনে আর আছে কে,তারিক মুনাওয়ার-০৩,তারিক মুনাওয়ার,NA,NA,NA,https://dl.dropbox.com/s/u7ecntkpvdqmdb0/24-ei-vubone-ar.mp3,NA,NA
আশা দীপ যদি,তারিক মুনাওয়ার-০৩,তারিক মুনাওয়ার,NA,NA,NA,https://dl.dropbox.com/s/ohfostrct2gzw2w/25-asha-dip-zodi.mp3,NA,NA
আল্লাহকে যে পাইতে চায়, তারিক মুনাওয়ার-০১ , তারিক মুনাওয়ার, NA, NA, NA, https://www.dropbox.com/s/xpikyzx7pzm449e/01.%20Allahke%20ze%20paite.mp3?dl=1, NA, NA
ওরে কে বলে আরবে, তারিক মুনাওয়ার-০১ , তারিক মুনাওয়ার, NA, NA, NA, https://www.dropbox.com/s/7dzc43tv2lcc8kc/02.%20ore%20ke%20bole.mp3?dl=1, NA, NA
তৌহিদেরই মুর্শিদ আমার, তারিক মুনাওয়ার-০১ , তারিক মুনাওয়ার, NA, NA, NA, https://www.dropbox.com/s/vla0k8tvaup56jz/03.%20tauhider%20murshid.mp3?dl=1, NA, NA
আল্লাহ রাসুল নামের জপে, তারিক মুনাওয়ার-০১ , তারিক মুনাওয়ার, NA, NA, NA, https://www.dropbox.com/s/1ovqvxoi0bnzbgp/04.%20Allah%20rasul%20namer.mp3?dl=1, NA, NA
শোনো শোনো ইয়া এলাহী, তারিক মুনাওয়ার-০১ , তারিক মুনাওয়ার, NA, NA, NA, https://www.dropbox.com/s/i6m3d7fzfzsdof9/05.%20shono%20shono%20ya%20ilahi.mp3?dl=1, NA, NA
সকাল হলো, তারিক মুনাওয়ার-০১ , তারিক মুনাওয়ার, NA, NA, NA, https://www.dropbox.com/s/xotk4e0u06w5ffj/06.%20sokal%20holo%20shunre%20azan.mp3?dl=1, NA, NA
এই সুন্দর ফল, তারিক মুনাওয়ার-০১ , তারিক মুনাওয়ার, NA, NA, NA, https://www.dropbox.com/s/gqdzoo0g0het4zx/08.%20ei%20sundor%20fol.mp3?dl=1, NA, NA
পূবাল হাওয়া, তারিক মুনাওয়ার-০১ , তারিক মুনাওয়ার, NA, NA, NA, https://www.dropbox.com/s/lm5cjdcca1i28an/07.%20pubal%20hawa.mp3?dl=1, NA, NA
খোদার প্রেমের, তারিক মুনাওয়ার-০১ , তারিক মুনাওয়ার, NA, NA, NA, https://www.dropbox.com/s/s7lrvvre81wxy46/09.%20khodar%20premer.mp3?dl=1, NA, NA
চলরে কাবার জিয়ারতে, তারিক মুনাওয়ার-০১ , তারিক মুনাওয়ার, NA, NA, NA, https://www.dropbox.com/s/x67432jkfzonwor/10.%20cholre%20kabaar%20jiarote.mp3?dl=1, NA, NA
গান দাও আমার,তারিক মুনাওয়ার-০৩ ,তারিক মুনাওয়ার,NA,NA,NA,https://www.dropbox.com/s/w2zjort6rz1f8sq/27-gan-dao-amay.mp3?dl=1,অনির্দিষ্ট,অনির্দিষ্ট
হে খোদা মাফ,তারিক মুনাওয়ার-০৩ ,তারিক মুনাওয়ার,NA,NA,NA,https://www.dropbox.com/s/p2tev504m6z8ij9/28-he-khoda-maf.mp3?dl=1,অনির্দিষ্ট,অনির্দিষ্ট
আল্লাহ আমার প্রভু,তারিক মুনাওয়ার-০৩ ,তারিক মুনাওয়ার,NA,NA,NA,https://www.dropbox.com/s/q0ie88hnc28t7g1/29-Allah-amar-provu.mp3?dl=1,অনির্দিষ্ট,অনির্দিষ্ট
বাজলো কিরে ভোরের,তারিক মুনাওয়ার-০৩ ,তারিক মুনাওয়ার,NA,NA,NA,https://www.dropbox.com/s/5725kyvm126n19d/30-bajlo-kire-vorer.mp3?dl=1,অনির্দিষ্ট,অনির্দিষ্ট
মুহাম্মাদের নাম,তারিক মুনাওয়ার-০৩ ,তারিক মুনাওয়ার,NA,NA,NA,https://www.dropbox.com/s/msw87eqwgtjajw0/31-Muhammader-nam.mp3?dl=1,অনির্দিষ্ট,অনির্দিষ্ট
ইসলামের সওদা,তারিক মুনাওয়ার-০৩ ,তারিক মুনাওয়ার,NA,NA,NA,https://www.dropbox.com/s/k7xhzep7aggjkbh/32-islamer-souda.mp3?dl=1,অনির্দিষ্ট,অনির্দিষ্ট
ধর্মের পথে শহিদ,তারিক মুনাওয়ার-০৩ ,তারিক মুনাওয়ার,NA,NA,NA,https://www.dropbox.com/s/zmh6za282862giv/33-dhormer-pothe.mp3?dl=1,অনির্দিষ্ট,অনির্দিষ্ট
সাহারাতে ফুটলো ফুল,তারিক মুনাওয়ার-০৩ ,তারিক মুনাওয়ার,NA,NA,NA,https://www.dropbox.com/s/up4zvlvs673ktsf/34-saharate-futlo.mp3?dl=1,অনির্দিষ্ট,অনির্দিষ্ট
এই গরীবের শোনো,তারিক মুনাওয়ার-০৩ ,তারিক মুনাওয়ার,NA,NA,NA,https://www.dropbox.com/s/bp4ia7vsnzm45lx/35-ei-goriber-shono.mp3?dl=1,অনির্দিষ্ট,অনির্দিষ্ট
আল্লাহতে যার পূর্ণ,তারিক মুনাওয়ার-০৩ ,তারিক মুনাওয়ার,NA,NA,NA,https://www.dropbox.com/s/8qmgh6t93141t7x/36-Allah-te-zar-purno.mp3?dl=1,অনির্দিষ্ট,অনির্দিষ্ট
ত্রিভূবনের প্রিয় মুহাম্মাদ,তারিক মুনাওয়ার-০৩ ,তারিক মুনাওয়ার,NA,NA,NA,https://www.dropbox.com/s/otcn4ezoziw1yoy/37-trivuboner-priyo.mp3?dl=1,অনির্দিষ্ট,অনির্দিষ্ট
রোজ হাশরে আল্লাহ,তারিক মুনাওয়ার-০৩ ,তারিক মুনাওয়ার,NA,NA,NA,https://www.dropbox.com/s/uecpj4ikv3gmt8a/38-roj-hashore-Allah.mp3?dl=1,অনির্দিষ্ট,অনির্দিষ্ট
বাজিছে দামামা,তারিক মুনাওয়ার-০৩ ,তারিক মুনাওয়ার,NA,NA,NA,https://www.dropbox.com/s/qdyw32u6khfgwjb/39-bajiche-damama.mp3?dl=1,অনির্দিষ্ট,অনির্দিষ্ট
বক্ষে আমার কাবার,তারিক মুনাওয়ার-০৩ ,তারিক মুনাওয়ার,NA,NA,NA,https://www.dropbox.com/s/gciprv4musl0mhx/40-bokkhe-amar-kabar.mp3?dl=1,অনির্দিষ্ট,অনির্দিষ্ট
আকাশের ঐ নীল, স্বপ্ন ঘুড়ি, আব্দুশ শাকুর তুহিন, NA, NA, NA, https://www.dropbox.com/s/6xyj6omh01qiuo9/Akasher%20Oi%20Nil.mp3?dl=1, NA, NA
চাঁদের আলো এই হৃদয়ে, স্বপ্ন ঘুড়ি, আব্দুশ শাকুর তুহিন, NA, NA, NA, https://www.dropbox.com/s/to3tiqwspp8z72d/Chader%20Alo.mp3?dl=1, NA, NA
ধন্য হলো এই ধরণী, স্বপ্ন ঘুড়ি, আব্দুশ শাকুর তুহিন, NA, NA, NA, https://www.dropbox.com/s/b5p3u4ds6efdr9h/Dhonno%20Holo.mp3?dl=1, NA, NA
ঘুমন্ত শার্দূল জেগে ওঠো, স্বপ্ন ঘুড়ি, আব্দুশ শাকুর তুহিন, NA, NA, NA, https://www.dropbox.com/s/u7d7brafighqy6o/Ghumonto%20Shardul.mp3?dl=1, NA, NA
ও নায়ের নাইয়া, স্বপ্ন ঘুড়ি, আব্দুশ শাকুর তুহিন, NA, NA, NA, https://www.dropbox.com/s/2uws1fcdjesg7es/O%20Nayer%20Nayia.mp3?dl=1, NA, NA
বয়ে চলা কত নদী, স্বপ্ন ঘুড়ি, আব্দুশ শাকুর তুহিন, NA, NA, NA, https://www.dropbox.com/s/5di153zeaogwst1/R%20Koto%20Rokto.mp3?dl=1, NA, NA
স্বপ্নের ঘুড়ি ওড়ে, স্বপ্ন ঘুড়ি, আব্দুশ শাকুর তুহিন, NA, NA, NA, https://www.dropbox.com/s/68scgqwdt6qoxp5/Swapner%20Ghuri%20Ore.mp3?dl=1, NA, NA
তালা আল বাদরু আলায়না, স্বপ্ন ঘুড়ি, আব্দুশ শাকুর তুহিন, NA, NA, NA, https://www.dropbox.com/s/8mykfew9wlv5a4v/talaal%20badru%20alaina.mp3?dl=1, NA, NA
তার রংয়ের চেয়ে, স্বপ্ন ঘুড়ি, আব্দুশ শাকুর তুহিন, NA, NA, NA, https://www.dropbox.com/s/7s0rgbp8elev1r4/Tar%20Rong%20Ar%20Chaya.mp3?dl=1, NA, NA
তুমি চলে গেছো দূরে, স্বপ্ন ঘুড়ি, আব্দুশ শাকুর তুহিন, NA, NA, NA, https://www.dropbox.com/s/12euch5l8m5alcz/Tumi%20Chole.mp3?dl=1, NA, NA
এই ধরণী ও নীল, স্বপ্নের রংধনু,NA, সাইমুম শিল্পী গোষ্ঠী, NA, NA, https://www.dropbox.com/s/axx705ho77qlq8r/1ei%20dhorini%20oi%20nil.mp3?dl=1, NA, NA
ধরাতে আগমনে পিয়ারা, স্বপ্নের রংধনু,NA, সাইমুম শিল্পী গোষ্ঠী, NA, NA, https://www.dropbox.com/s/uzmc8gqo46twut2/2dhorate%20agomone.mp3?dl=1, NA, NA
এই দেশ আমার, স্বপ্নের রংধনু,NA, সাইমুম শিল্পী গোষ্ঠী, NA, NA, https://www.dropbox.com/s/apmhh19tyrxat0t/3%20ei%20desh%20amar.mp3?dl=1, NA, NA
আমার মা আমার, স্বপ্নের রংধনু,NA, সাইমুম শিল্পী গোষ্ঠী, NA, NA, https://www.dropbox.com/s/rj2amdiki4fstpn/4o%20amar%20ma.mp3?dl=1, NA, NA
আমরা সবাই এক, স্বপ্নের রংধনু,NA, সাইমুম শিল্পী গোষ্ঠী, NA, NA, https://www.dropbox.com/s/97gjq888nl1w5wh/5amra%20sobai%20-ek.mp3?dl=1, NA, NA
কিছু কিছু কথা, স্বপ্নের রংধনু,NA, সাইমুম শিল্পী গোষ্ঠী, NA, NA, https://www.dropbox.com/s/kwzp5ecnvae6eje/6kichu%20kichu.mp3?dl=1, NA, NA
ওরে বাংলার মুসলিম, স্বপ্নের রংধনু,NA, সাইমুম শিল্পী গোষ্ঠী, NA, NA, https://www.dropbox.com/s/c792uvbfd8gibxs/7ore%20banglar%20muslim.mp3?dl=1, NA, NA
সাগর নদী আর পাহাড়, স্বপ্নের রংধনু,NA, সাইমুম শিল্পী গোষ্ঠী, NA, NA, https://www.dropbox.com/s/aqfe4riat6q7zl0/8sagor%20nodi%20chute.mp3?dl=1, NA, NA
জানি না আর ফুটবে কি না, স্বপ্নের রংধনু,NA, সাইমুম শিল্পী গোষ্ঠী, NA, NA, https://www.dropbox.com/s/ve0v07mkaf4ez3l/9janina%20ar.mp3?dl=1, NA, NA
তুমি মালিক, স্বপ্নের রংধনু,NA, সাইমুম শিল্পী গোষ্ঠী, NA, NA, https://www.dropbox.com/s/xoftil65s3l7irq/10tumi%20malik%20tumi.mp3?dl=1, NA, NA
সারাটা পৃথিবী কারবালা, স্বপ্নের রংধনু,NA, সাইমুম শিল্পী গোষ্ঠী, NA, NA, https://www.dropbox.com/s/bahk2agixmz8gkv/11sarata%20prithibi%20aj.mp3?dl=1, NA, NA
নদীরে তুই, স্বপ্নের রংধনু,NA, সাইমুম শিল্পী গোষ্ঠী, NA, NA, https://www.dropbox.com/s/625f86wkybi8nhw/12nodire%20tui.mp3?dl=1, NA, NA
ইয়া সায়্যিদি, স্বপ্নের রংধনু,NA, সাইমুম শিল্পী গোষ্ঠী, NA, NA, https://www.dropbox.com/s/i0dr05tl4xrz2ja/13ya%20sayeedi.mp3?dl=1, NA, NA
এই ওলী আল্লাহর, স্বপ্নের রংধনু,NA, সাইমুম শিল্পী গোষ্ঠী, NA, NA, https://www.dropbox.com/s/m1i6esb9747ktq6/14ei%20wali-allahr.mp3?dl=0, NA, NA
কাঙ্খিত ঠিকানা, স্বপ্নের মুকুরে,NA, দিশারী শিল্পীগোষ্ঠী, NA, NA, https://www.dropbox.com/scl/fi/u2ngwm0rvri3cjn4bjbv8/0-kangkhito-thikana.mp3?rlkey=1z7ylki1497bkpdhlpp1mwymp&st=86552qoq&dl=1, NA, NA
শাহজালালের শাহপরানের, স্বপ্নের মুকুরে,NA, দিশারী শিল্পীগোষ্ঠী, NA, NA, https://www.dropbox.com/scl/fi/m6iuaojov4w843sdpoy7w/1-shah-jalaler.mp3?rlkey=3ragmv5m1lyove8reuzt1jmny&st=jaxzvrnc&dl=1, NA, NA
আমার গানের বাণী, স্বপ্নের মুকুরে,NA, দিশারী শিল্পীগোষ্ঠী, NA, NA, https://www.dropbox.com/scl/fi/y0aq0dn4p1x56b2ato5fy/2-amar-ganer-bani.mp3?rlkey=45xwlndqrjrh5yqkfkc82bx00&st=j9ppb9b6&dl=1, NA, NA
এ ময়দানে কে, স্বপ্নের মুকুরে,NA, দিশারী শিল্পীগোষ্ঠী, NA, NA, https://www.dropbox.com/scl/fi/se4exwzs2uqw9pj41c8cd/3-e-moydane-ke.mp3?rlkey=g2fuuob9b0psgenulm5v7yd2j&st=mnj1p0z9&dl=1, NA, NA
নাওয়াও নেই খাওয়াও নেই, স্বপ্নের মুকুরে,NA, দিশারী শিল্পীগোষ্ঠী, NA, NA, https://www.dropbox.com/scl/fi/nhk0k8ijm5m4rf5y0bk60/4-naoa-nei-khaoa.mp3?rlkey=gdvlik6ip7af8snap4l03ughd&st=3tdkkz7q&dl=1, NA, NA
দুঃসময়ের মুখোমুখি, স্বপ্নের মুকুরে,NA, দিশারী শিল্পীগোষ্ঠী, NA, NA, https://www.dropbox.com/scl/fi/2gxznw5baqm46q953knh7/5-dushomoyer-mukhomukhi.mp3?rlkey=3vfj0br1nqltv4sqgkoqwpz4p&st=sspzurxg&dl=1, NA, NA
ভয় কী বন্ধু, স্বপ্নের মুকুরে,NA, দিশারী শিল্পীগোষ্ঠী, NA, NA, https://www.dropbox.com/scl/fi/yu6emvbrykjnk2jaekbla/7-voy-ki-bondhu.mp3?rlkey=g2jtnc8xld2vpmd5obijqenu2&st=wz2ul9q7&dl=1, NA, NA
একটি গানের স্বরলিপি, স্বপ্নের মুকুরে,NA, দিশারী শিল্পীগোষ্ঠী, NA, NA, https://www.dropbox.com/scl/fi/gxr5khtkjgev1nev8pwfd/8-ekti-ganer-sworolipi.mp3?rlkey=hd6zzv3zc1z7hdg9168hku5nm&st=nbb1frvs&dl=1, NA, NA
নীরব পাহাড় ছুঁয়ে, স্বপ্নের মুকুরে,NA, দিশারী শিল্পীগোষ্ঠী, NA, NA, https://www.dropbox.com/scl/fi/964s01bejjohztsonvphf/9-nirob-pahar.mp3?rlkey=5iu8bg0nzb3jatyl2gw831kml&st=73s0m1ow&dl=1, NA, NA
মানুষ যদি না হয়, স্বপ্নের মুকুরে,NA, দিশারী শিল্পীগোষ্ঠী, NA, NA, https://www.dropbox.com/scl/fi/xexwnch9sxu8qlosf9fqo/10-manush-zodi-na.mp3?rlkey=yj49cmxlkwvt8yxbomvwqv5c3&st=hxkxzxwc&dl=1, NA, NA
ফেরেশতারা নিমেষহারা, স্বপ্নের মুকুরে,NA, দিশারী শিল্পীগোষ্ঠী, NA, NA, https://www.dropbox.com/scl/fi/ry5pcc3bnp3k0h4oj04xn/11-fereshtara-nimesh.mp3?rlkey=o1ju493s7qokjjej8sbe4fywo&st=4bh5j04w&dl=1, NA, NA
রহমতের বারিধারা, স্বপ্নের মুকুরে,NA, দিশারী শিল্পীগোষ্ঠী, NA, NA, https://www.dropbox.com/scl/fi/armnby7dnozyg93aeghiz/12-rahmater-baridhara.mp3?rlkey=zefabcqc5zl2upne6suvh6sat&st=bz7t2ok8&dl=1, NA, NA
কুরআনের হুকুমাত, স্বপ্নের মুকুরে,NA, দিশারী শিল্পীগোষ্ঠী, NA, NA, https://www.dropbox.com/scl/fi/hqu180z0edc07chjq7n15/13-quraner-hukumat.mp3?rlkey=424d1gyhm8npoji4gckbp5q1y&st=jgc6ewlo&dl=1, NA, NA
আল্লাহু আকবর, স্বপ্নের খেলা ঘর, দিদারুল ইসলাম,সাইমুম শিল্পী গোষ্ঠী, NA, NA, https://www.dropbox.com/s/j7qvdejzc3zgvwm/1-Allahu-akbar-.mp3?dl=1, NA, NA
কে যাও কাবার, স্বপ্নের খেলা ঘর, দিদারুল ইসলাম,সাইমুম শিল্পী গোষ্ঠী, NA, NA, https://www.dropbox.com/s/d8f6qmyzh99926h/2-ke-zao-kabar-pothe-.mp3?dl=1, NA, NA
ইসলাম নয় ধর্মের নাম, স্বপ্নের খেলা ঘর, দিদারুল ইসলাম,সাইমুম শিল্পী গোষ্ঠী, NA, NA, https://www.dropbox.com/s/l3mkuoqqed10o6e/3-islamo-noy-dhormer-.mp3?dl=1, NA, NA
আগুনে পোড়া মন, স্বপ্নের খেলা ঘর, দিদারুল ইসলাম,সাইমুম শিল্পী গোষ্ঠী, NA, NA, https://www.dropbox.com/s/3a51ih3wqa6n4qm/4-agune-pora.mp3?dl=1, NA, NA
মাঝে মাঝে মনটা, স্বপ্নের খেলা ঘর, দিদারুল ইসলাম,সাইমুম শিল্পী গোষ্ঠী, NA, NA, https://www.dropbox.com/s/8fo61ekmiyyx4la/5-majhe-majhe-monta.mp3?dl=1, NA, NA
যদি হয় স্বাধীনতা, স্বপ্নের খেলা ঘর, দিদারুল ইসলাম,সাইমুম শিল্পী গোষ্ঠী, NA, NA, https://www.dropbox.com/s/i26ar6kx3i5cd6t/7-swadhinota.mp3?dl=1, NA, NA
জীবন নামের, স্বপ্নের খেলা ঘর, দিদারুল ইসলাম,সাইমুম শিল্পী গোষ্ঠী, NA, NA, https://www.dropbox.com/s/qp7l4733d09xnpr/8-jibon-namer.mp3?dl=1, NA, NA
আমার দিন কি, স্বপ্নের খেলা ঘর, দিদারুল ইসলাম,সাইমুম শিল্পী গোষ্ঠী, NA, NA, https://www.dropbox.com/s/i9t1o3uvy5h0vkm/9-amar-din-ki.mp3?dl=1, NA, NA
আসমানী কুরআন, স্বপ্নের খেলা ঘর, দিদারুল ইসলাম,সাইমুম শিল্পী গোষ্ঠী, NA, NA, https://www.dropbox.com/s/t29kqpvhl2pqa24/10-asmani-quran.mp3?dl=1, NA, NA
ও মাঝি ভাই, স্বপ্নের খেলা ঘর, দিদারুল ইসলাম,সাইমুম শিল্পী গোষ্ঠী, NA, NA, https://www.dropbox.com/s/g7asdjnlg5q1kfr/11-o-majhi-bhai-.mp3?dl=1, NA, NA
সে কোন বন্ধু, স্বপ্নের খেলা ঘর, দিদারুল ইসলাম,সাইমুম শিল্পী গোষ্ঠী, NA, NA, https://www.dropbox.com/s/5wziq2mchvutear/12-se-kon-bondhu-.mp3?dl=1, NA, NA
একদিন আমি হারিয়ে, স্বপ্নের খেলা ঘর, দিদারুল ইসলাম,সাইমুম শিল্পী গোষ্ঠী, NA, NA, https://www.dropbox.com/s/fu2sho9s8racqpc/13-ekdin-ami-hariye.mp3?dl=1, NA, NA
আল্লাহ নামের, সোনার নোলক,NA, বিকল্প সাহিত্য সাংস্কৃতিক সংসদ, NA, NA, https://www.dropbox.com/s/ye9fc52cjtca9ix/01allah%20namer.mp3?dl=1, NA, NA
সোনার নোলক, সোনার নোলক,NA, বিকল্প সাহিত্য সাংস্কৃতিক সংসদ, NA, NA, https://www.dropbox.com/s/kydctbjjwgmoc88/02amar%20mayer%20sonar%20nolok.mp3?dl=1, NA, NA
তুমি এনে দিলে, সোনার নোলক,NA, বিকল্প সাহিত্য সাংস্কৃতিক সংসদ, NA, NA, https://www.dropbox.com/s/g8plxp7b5j7a1fp/03tumi%20ene%20dile.mp3?dl=1, NA, NA
পাপী আমি তাপী, সোনার নোলক,NA, বিকল্প সাহিত্য সাংস্কৃতিক সংসদ, NA, NA, https://www.dropbox.com/s/8zxayirx0xoydqe/04papi%20ami.mp3?dl=1, NA, NA
গুছিয়ে রাখো আতর, সোনার নোলক,NA, বিকল্প সাহিত্য সাংস্কৃতিক সংসদ, NA, NA, https://www.dropbox.com/s/rewu5thi7poc2bu/05guchiye%20rakho.mp3?dl=1, NA, NA
প্রভু তুমি দয়া করো, সোনার নোলক,NA, বিকল্প সাহিত্য সাংস্কৃতিক সংসদ, NA, NA, https://www.dropbox.com/s/c1epoif7bibb51p/06-provu%20tumi.mp3?dl=1, NA, NA
আমি ধন্য হলাম, সোনার নোলক,NA, বিকল্প সাহিত্য সাংস্কৃতিক সংসদ, NA, NA, https://www.dropbox.com/s/bbfal1unv2l8521/07ami%20dhonno.mp3?dl=1, NA, NA
এই ধরণী ঐ যে গগণ, সোনার নোলক,NA, বিকল্প সাহিত্য সাংস্কৃতিক সংসদ, NA, NA, https://www.dropbox.com/s/r7ma5z79see5b17/08ei%20dhoroni%20oi.mp3?dl=1, NA, NA
ভাটি গাঙের নাইয়া, সোনার নোলক,NA, বিকল্প সাহিত্য সাংস্কৃতিক সংসদ, NA, NA, https://www.dropbox.com/s/l3b6jmlvam7q53p/09vati%20gnger%20naiya.mp3?dl=1, NA, NA
চলে গেলে যে দিন, সোনার নোলক,NA, বিকল্প সাহিত্য সাংস্কৃতিক সংসদ, NA, NA, https://www.dropbox.com/s/g6pkuc0dq6uo4dx/10cole%20gele%20zedin.mp3?dl=1, NA, NA
চলো না যাই, সোনার নোলক,NA, বিকল্প সাহিত্য সাংস্কৃতিক সংসদ, NA, NA, https://www.dropbox.com/s/3yw63ljnwi89gf1/11-cholona%20zaiye.mp3?dl=1, NA, NA
মনেরই আয়নায়, সোনার নোলক,NA, বিকল্প সাহিত্য সাংস্কৃতিক সংসদ, NA, NA, https://www.dropbox.com/s/7l4zx82w32xd6uo/12moneroi%20aynay.mp3?dl=1, NA, NA
বাংলাদেশের মাটিতে, সোনার নোলক,NA, বিকল্প সাহিত্য সাংস্কৃতিক সংসদ, NA, NA, https://www.dropbox.com/s/8med55g4onz03u6/13bder%20matite%20jonm.mp3?dl=1, NA, NA
দ্বীনের পথে দেখো,শিল্পীর তুলি,NA,প্রবাহ সাহিত্য সাংস্কৃতিক সংসদ,NA,NA,http://probaho.weebly.com/uploads/1/0/9/5/10954712/diner_pothe_dekho_oi_deke_jai.mp3,NA,NA
তোমার নামে আমি,শিল্পীর তুলি,NA,প্রবাহ সাহিত্য সাংস্কৃতিক সংসদ,NA,NA,http://probaho.weebly.com/uploads/1/0/9/5/10954712/tomar_name_ami_tashbi_pori.mp3,NA,NA
সীসাঢালা প্রাচীর,শিল্পীর তুলি,NA,প্রবাহ সাহিত্য সাংস্কৃতিক সংসদ,NA,NA,http://probaho.weebly.com/uploads/1/0/9/5/10954712/shesha_dhala_prachir_jeno.mp3,NA,NA
স্বাধীনতা তুমি,শিল্পীর তুলি,NA,প্রবাহ সাহিত্য সাংস্কৃতিক সংসদ,NA,NA,http://probaho.weebly.com/uploads/1/0/9/5/10954712/sadinota_lokhkho_shohider.mp3,NA,NA
কত কারুকাজ ছড়িয়ে,শিল্পীর তুলি,NA,প্রবাহ সাহিত্য সাংস্কৃতিক সংসদ,NA,NA,http://probaho.weebly.com/uploads/1/0/9/5/10954712/koto_karukaj_choria_dile_moha_bisshe.mp3,NA,NA
আল্লাহু আল্লাহু,শিল্পীর তুলি,NA,প্রবাহ সাহিত্য সাংস্কৃতিক সংসদ,NA,NA,http://probaho.weebly.com/uploads/1/0/9/5/10954712/allaho_allaho_allaho.mp3,NA,NA
বয়ে চলা নদী,শিল্পীর তুলি,NA,প্রবাহ সাহিত্য সাংস্কৃতিক সংসদ,NA,NA,http://probaho.weebly.com/uploads/1/0/9/5/10954712/boe_chola_nodi.mp3,NA,NA
আল্লাহতে যার পূর্ণ,শিল্পীর তুলি,NA,প্রবাহ সাহিত্য সাংস্কৃতিক সংসদ,NA,NA,http://probaho.weebly.com/uploads/1/0/9/5/10954712/allahte_zar_porno_iman.mp3,NA,NA
হৃদয় আকাশ ভরা,শিল্পীর তুলি,NA,প্রবাহ সাহিত্য সাংস্কৃতিক সংসদ,NA,NA,http://probaho.weebly.com/uploads/1/0/9/5/10954712/ridoy_akas_vhora_sopner_rong.mp3,NA,NA
তুমি এলে তাই,শিল্পীর তুলি,NA,প্রবাহ সাহিত্য সাংস্কৃতিক সংসদ,NA,NA,http://probaho.weebly.com/uploads/1/0/9/5/10954712/tomi_ale_tai_uthlo_heshe.mp3,NA,NA
সব মানুষের বন্ধু,শিল্পীর তুলি,NA,প্রবাহ সাহিত্য সাংস্কৃতিক সংসদ,NA,NA,http://probaho.weebly.com/uploads/1/0/9/5/10954712/sob_manuser_bondu_tini.mp3,NA,NA
সবুজের ঢেউ আঁকে,শিল্পীর তুলি,NA,প্রবাহ সাহিত্য সাংস্কৃতিক সংসদ,NA,NA,http://probaho.weebly.com/uploads/1/0/9/5/10954712/sobujer_daqw_ake_ai_buke.mp3,NA,NA
শিল্পীর তুলিতে আঁকা,শিল্পীর তুলি,NA,প্রবাহ সাহিত্য সাংস্কৃতিক সংসদ,NA,NA,http://probaho.weebly.com/uploads/1/0/9/5/10954712/shipir_tolite_aka.mp3,NA,NA
রঙধনু থেকে রং,শিল্পীর তুলি,NA,প্রবাহ সাহিত্য সাংস্কৃতিক সংসদ,NA,NA,http://probaho.weebly.com/uploads/1/0/9/5/10954712/rong_dhonu_theke_oi.mp3,NA,NA
আল কুর'আনকে ভালোবেসে,শহিদী গান,NA,NA,NA,NA,https://www.dropbox.com/s/xu7t9felu704up8/Al%20Quran%20ke.mp3?dl=1,শহিদী গান,NA
আল্লাহর পথে যারা দিয়েছে জীবন,শহিদী গান,NA,NA,NA,NA,https://www.dropbox.com/s/sr5ovgic6sda5fb/Allahar%20Pathe%20Jara.mp3?dl=1,শহিদী গান,NA
আল্লাহর পথে যারা জীবন দিল,শহিদী গান,NA,NA,NA,NA,https://www.dropbox.com/s/ab8syka7rgyuhp1/Allahar%20Pothe.mp3?dl=1,শহিদী গান,NA
আল্লাহকে যারা বেসেছে ভালো,শহিদী গান,NA,NA,NA,NA,https://www.dropbox.com/s/gnvrk09q68ildff/Allahke%20Jara.mp3?dl=1,শহিদী গান,NA
দাও খোদা দাও হেথায়,শহিদী গান,NA,NA,NA,NA,https://www.dropbox.com/s/qi1va6yxew7bqik/Dao%20Khoda%20Dao.mp3?dl=1,শহিদী গান,NA
দিন এলো আবার রক্ত ঝরাবার,শহিদী গান,NA,NA,NA,NA,https://www.dropbox.com/s/ywp3hqmdh9x00lk/Din%20Alo%20Abar.mp3?dl=1,শহিদী গান,NA
দুয়ার ভেঙ্গে যে ছেলেটি মিছিলে,শহিদী গান,NA,NA,NA,NA,https://www.dropbox.com/s/3bjy4qus04dy40s/Duar%20venge.mp3?dl=1,শহিদী গান,NA
প্রতি দিন সূর্য ওঠে,শহিদী গান,NA,NA,NA,NA,https://www.dropbox.com/s/ukvtvlj0apcyqva/Protidin%20Surjo.mp3?dl=1,শহিদী গান,NA
রক্তই মূলত শক্তি,শহিদী গান,NA,NA,NA,NA,https://www.dropbox.com/s/8qziu9862gn02dq/rokto-e%20Muloto.mp3?dl=1,শহিদী গান,NA
সেই সংগ্রামী মানুষের,শহিদী গান,NA,NA,NA,NA,https://www.dropbox.com/s/09pg7fnrhst8p71/Sei%20Songrami.mp3?dl=1,শহিদী গান,NA
শহীদে শহীদে জনপদ,শহিদী গান,NA,NA,NA,NA,https://www.dropbox.com/s/rgq4kp1ylz2qtea/Shahide%20Shahide.mp3?dl=1,শহিদী গান,NA
শত শত মালেক ওই,শহিদী গান,NA,NA,NA,NA,https://www.dropbox.com/s/6xd6xo7lhib654a/Shoto%20shoto%20malek.mp3?dl=1,শহিদী গান,NA
তোমরা যারা আজ,শহিদী গান,NA,NA,NA,NA,https://www.dropbox.com/s/ah1catwrxi1g2ko/Tomra%20Jara%20Aj.mp3?dl=1,শহিদী গান,NA
তাকবীর তোলো, রূপের নদী (সাইমুম-৪১),NA, সাইমুম শিল্পী গোষ্ঠী, NA, NA, https://www.dropbox.com/s/75matwzu9szxka6/1-takbir-tolo.mp3?dl=1, NA, NA
আমার যে কথা কাজে, রূপের নদী (সাইমুম-৪১),NA, সাইমুম শিল্পী গোষ্ঠী, NA, NA, https://www.dropbox.com/s/1vcfyiwu6kdtjhv/2-amar-ze-kotha.mp3?dl=1, NA, NA
আমরা শিশু, রূপের নদী (সাইমুম-৪১),NA, সাইমুম শিল্পী গোষ্ঠী, NA, NA, https://www.dropbox.com/s/2vqiqy739cj68e2/3-amra-shishu.mp3?dl=1, NA, NA
বাগানের ফুলগুলো, রূপের নদী (সাইমুম-৪১),NA, সাইমুম শিল্পী গোষ্ঠী, NA, NA, https://www.dropbox.com/s/8lgv4gm70rcx3g3/4-baganer-fulgulo.mp3?dl=1, NA, NA
এই যে মোগো গাঁও, রূপের নদী (সাইমুম-৪১),NA, সাইমুম শিল্পী গোষ্ঠী, NA, NA, https://www.dropbox.com/s/9e44vgksbuhkgds/5-ei-ze-mogo-gaon.mp3?dl=1, NA, NA
হৃদয় গহীনে, রূপের নদী (সাইমুম-৪১),NA, সাইমুম শিল্পী গোষ্ঠী, NA, NA, https://www.dropbox.com/s/w9gj79zfvgos9m4/6-hridoy-gohine.mp3?dl=1, NA, NA
কল কল করে রূপের নদী, রূপের নদী (সাইমুম-৪১),NA, সাইমুম শিল্পী গোষ্ঠী, NA, NA, https://www.dropbox.com/s/k8f4dke1lkz9z3s/7-kolo-kolo-kore.mp3?dl=1, NA, NA
লা তানসা, রূপের নদী (সাইমুম-৪১),NA, সাইমুম শিল্পী গোষ্ঠী, NA, NA, https://www.dropbox.com/s/voyvzscvlcc8e8q/8-la-tan-sa.mp3?dl=1, NA, NA
লক্ষ গানের শিল্পী, রূপের নদী (সাইমুম-৪১),NA, সাইমুম শিল্পী গোষ্ঠী, NA, NA, https://www.dropbox.com/s/iakuxgm1229gan5/9-lokkho-ganer-shilpi.mp3?dl=1, NA, NA
মা হলো শান্তি, রূপের নদী (সাইমুম-৪১),NA, সাইমুম শিল্পী গোষ্ঠী, NA, NA, https://www.dropbox.com/s/rt98519doiqoqho/10-ma-holo-shanti.mp3?dl=1, NA, NA
মৌমাছি যাও, রূপের নদী (সাইমুম-৪১),NA, সাইমুম শিল্পী গোষ্ঠী, NA, NA, https://www.dropbox.com/s/g3heomgqqctwz5d/11-moumachi.mp3?dl=1, NA, NA
মাই মাদার ইজ, রূপের নদী (সাইমুম-৪১),NA, সাইমুম শিল্পী গোষ্ঠী, NA, NA, https://www.dropbox.com/s/722khs1frymy2o6/12-my-mother.mp3?dl=1, NA, NA
নদীর কলতানে, রূপের নদী (সাইমুম-৪১),NA, সাইমুম শিল্পী গোষ্ঠী, NA, NA, https://www.dropbox.com/s/v8jmwtcrzgtxsj8/13-nodir-kolotane.mp3?dl=1, NA, NA
শিল্পী বলো কারে, রূপের নদী (সাইমুম-৪১),NA, সাইমুম শিল্পী গোষ্ঠী, NA, NA, https://www.dropbox.com/s/yumf7wnpo9k2txc/14-shilpi-bolo-kare.mp3?dl=1, NA, NA
সুন্দর আহবানে,রোদেলা দুপুর,NA,সন্দীপন শিল্পী গোষ্ঠী,NA,NA,https://dl.dropbox.com/s/zxq98fomyt3lhve/01%20Shundor%20aovane.mp3?dl=1,NA,NA
তোমার নূরের রোশনীতে,রোদেলা দুপুর,NA,সন্দীপন শিল্পী গোষ্ঠী,NA,NA,https://dl.dropbox.com/s/yc9z3qz985ny5km/02%20Tomar%20nurer.mp3?dl=1,NA,NA
পৃথিবীর হাজারো কাজের ভীড়ে,রোদেলা দুপুর,NA,সন্দীপন শিল্পী গোষ্ঠী,NA,NA,https://dl.dropbox.com/s/ea0qv044ker0731/03Prithibir%20hajaro.mp3?dl=1,NA,NA
ও দেশের জনগণ,রোদেলা দুপুর,NA,সন্দীপন শিল্পী গোষ্ঠী,NA,NA,https://dl.dropbox.com/s/kmok1wstrfikmie/04%20O%20desher.mp3?dl=1,NA,NA
শহীদের পথ ধরে আসবে বিজয়,রোদেলা দুপুর,NA,সন্দীপন শিল্পী গোষ্ঠী,NA,NA,https://dl.dropbox.com/s/ynw0r1awmqj1uat/05%20Shohider%20poth.mp3?dl=1,NA,NA
এক ঝাঁক পায়রা,রোদেলা দুপুর,NA,সন্দীপন শিল্পী গোষ্ঠী,NA,NA,https://dl.dropbox.com/s/vjau0n0afdrruyq/06Ek%20jhak%20paira.mp3?dl=1,NA,NA
রোদেলা দুপুর,রোদেলা দুপুর,NA,সন্দীপন শিল্পী গোষ্ঠী,NA,NA,https://dl.dropbox.com/s/9fhlkmu2kjtq9k8/07Rodela%20dupur.mp3?dl=1,NA,NA
মহান প্রভূর নামে গানের শুরু,রোদেলা দুপুর,NA,সন্দীপন শিল্পী গোষ্ঠী,NA,NA,https://dl.dropbox.com/s/3qj6uijr932ahpq/08%20Mohan%20provur.mp3?dl=1,NA,NA
পাষাণ পাষাণ মন,রোদেলা দুপুর,NA,সন্দীপন শিল্পী গোষ্ঠী,NA,NA,https://dl.dropbox.com/s/3even6nwx7mmrts/09%20Pashan%20pashan.mp3?dl=1,NA,NA
আমার গানের ভাষা,রোদেলা দুপুর,NA,সন্দীপন শিল্পী গোষ্ঠী,NA,NA,https://dl.dropbox.com/s/jchdzh32ezelgui/10%20Amar%20gaaner.mp3?dl=1,NA,NA
Revolution,রোদেলা দুপুর,NA,সন্দীপন শিল্পী গোষ্ঠী,NA,NA,https://dl.dropbox.com/s/c9wvnjio2aeqpxh/11%20Revolution.mp3?dl=1,NA,NA
তুমি কাঁঠাল পাতার রং,রোদেলা দুপুর,NA,সন্দীপন শিল্পী গোষ্ঠী,NA,NA,https://dl.dropbox.com/s/aker8plx4qg8tq6/12%20Tumi%20kathal.mp3?dl=1,NA,NA
তোমার উম্মত কেমন আছে,রোদেলা দুপুর,NA,সন্দীপন শিল্পী গোষ্ঠী,NA,NA,https://dl.dropbox.com/s/ig43t8ti4kmj7v9/13%20Tomar%20ummat.mp3?dl=1,NA,NA
আমার গানের ভাষা,প্রতিতী - ০২,মতিউর রহমান মল্লিক,NA,NA,NA,https://www.dropbox.com/s/zvqv0qr2t4wizx5/Amar%20ganer.mp3?dl=1,NA,NA
আন্দোলন সে তো,প্রতিতী - ০২,মতিউর রহমান মল্লিক,NA,NA,NA,https://www.dropbox.com/s/5wwvscoo85c1gdw/andolon_seto_jiboner.mp3?dl=1,NA,NA
ধৈর্য্য ধারণ করার,প্রতিতী - ০২,মতিউর রহমান মল্লিক,NA,NA,NA,https://www.dropbox.com/s/8wxkl8pj7mo4p4k/Dhorjo%20dhorar.mp3?dl=1,NA,NA
দৃষ্টি তোমার খুলে,প্রতিতী - ০২,মতিউর রহমান মল্লিক,NA,NA,NA,https://www.dropbox.com/s/73vjrq5gahuqrn7/dristi%20tomar%20khule.mp3?dl=1,NA,NA
এই দূর্যোগে,প্রতিতী - ০২,মতিউর রহমান মল্লিক,NA,NA,NA,https://www.dropbox.com/s/92qup3l83utmfg3/ei%20durjuge%20ei.mp3?dl=1,NA,NA
এত শহীদ রক্ত,প্রতিতী - ০২,মতিউর রহমান মল্লিক,NA,NA,NA,https://www.dropbox.com/s/x6zw3uoe0ca4p0z/eto%20shahid%20rokto%20dhale~1.mp3?dl=1,NA,NA
গান শোনাতে পারি,প্রতিতী - ০২,মতিউর রহমান মল্লিক,NA,NA,NA,https://www.dropbox.com/s/esdav9h2p675j2q/Gan-shonate-pari.mp3?dl=1,NA,NA
ঘন দূর্যোগ,প্রতিতী - ০২,মতিউর রহমান মল্লিক,NA,NA,NA,https://www.dropbox.com/s/261tmx1cfeg9el0/Ghono%20durjog.mp3?dl=1,NA,NA
যদি কেউ বুঝে,প্রতিতী - ০২,মতিউর রহমান মল্লিক,NA,NA,NA,https://www.dropbox.com/s/v2oo23i1w5ouo1e/jodi%20keu%20bujhe.mp3?dl=1,NA,NA
কোন সাহসে,প্রতিতী - ০২,মতিউর রহমান মল্লিক,NA,NA,NA,https://www.dropbox.com/s/x479k002l0ed5l3/kon%20sahose%20chao.mp3?dl=1,NA,NA
পৃথিবী আমার,প্রতিতী - ০২,মতিউর রহমান মল্লিক,NA,NA,NA,https://www.dropbox.com/s/g7rst7728g20e2n/prithibi%20amar%20asol.mp3?dl=1,NA,NA
রোদের ভেতর,প্রতিতী - ০২,মতিউর রহমান মল্লিক,NA,NA,NA,https://www.dropbox.com/s/5quj6pijkepjc3m/Roder%20vitor.mp3?dl=1,NA,NA
তোমার সৃষ্টি যদি,প্রতিতী - ০২,মতিউর রহমান মল্লিক,NA,NA,NA,https://www.dropbox.com/s/kuacvt456rlwl8a/tomar%20sristi%20jodi.mp3?dl=1,NA,NA
হে খোদা মোর হৃদয় হতে, প্রতীতি - ০১, মতিউর রহমান মল্লিক, NA, NA, NA, https://www.dropbox.com/scl/fi/1q28gp4jpdmvf50sn7t44/he-koda.mp3?rlkey=6n9bgxkei2fdt5ujdxqnm5zrw&dl=1, NA, NA
এই দুটি চোখ দিয়েছো বলে, প্রতীতি - ০১, মতিউর রহমান মল্লিক, NA, NA, NA, https://www.dropbox.com/scl/fi/posp4h36u5i2va49v1966/Ei-duti-chokh.mp3?rlkey=th38sosjb0wp7ook6adk8j7t6&dl=1, NA, NA
সে কোন বন্ধু বলো, প্রতীতি - ০১, মতিউর রহমান মল্লিক, NA, NA, NA, https://www.dropbox.com/scl/fi/naazvxtfw3wpi87fgl8w3/Se-kon-bondhu.mp3?rlkey=78rdm92tkng8phlp29h7bednb&dl=1, NA, NA
না হয় হলো মন, প্রতীতি - ০১, মতিউর রহমান মল্লিক, NA, NA, NA, https://www.dropbox.com/scl/fi/c0fzvrzbtyb3jaxi6duyp/Na-hoi-holo.mp3?rlkey=oy7jhjllpwgaxrspjvknr7blw&dl=1, NA, NA
এ আকাশ মেঘে ঢাকা রবে না, প্রতীতি - ০১, মতিউর রহমান মল্লিক, NA, NA, NA, https://www.dropbox.com/scl/fi/kkgsmsiiknu4ln6v0migb/e-akash-meghe.mp3?rlkey=2djgl8b4fhq1ej70g9fodap6x&dl=1, NA, NA
যা কিছু করতে চাও, প্রতীতি - ০১, মতিউর রহমান মল্লিক, NA, NA, NA, https://www.dropbox.com/scl/fi/45hqj5j35iyrq4s2ww27y/ja-kichu-korte.mp3?rlkey=1mhkyz8l406gkfxplgp54znsk&dl=1, NA, NA
কথায় কাজে মিল দাও প্রভূ, প্রতীতি - ০১, মতিউর রহমান মল্লিক, NA, NA, NA, https://www.dropbox.com/scl/fi/o1xew6di25wl9ed3gflhl/Kothai-kaje.mp3?rlkey=jrqb6u8rylrlzjwr2wusfdgbh&dl=1, NA, NA
সংগঠনকে ভালোবাসি, প্রতীতি - ০১, মতিউর রহমান মল্লিক, NA, NA, NA, https://www.dropbox.com/scl/fi/gtydqj9ulhb51cgzphhv3/songothonke.mp3?rlkey=i65q5qgjv9rkceztaum6mgixr&dl=1, NA, NA
কার কতটা ঈমান, প্রতীতি - ০১, মতিউর রহমান মল্লিক, NA, NA, NA, https://www.dropbox.com/scl/fi/45pdgmy5x216pk4ms57x4/kar-kotota-eeman.mp3?rlkey=dmdtvhcyham4zw6906p7sd6jv&dl=1, NA, NA
আম্মা বলেন ঘর ছেড়ে, প্রতীতি - ০১, মতিউর রহমান মল্লিক, NA, NA, NA, https://www.dropbox.com/scl/fi/gfwrgcbwrju5ab9c20izf/amma-bolen-ghor.mp3?rlkey=lptbc9ygucsthxixz4lsjl9yh&dl=1, NA, NA
আমাকে যখন কেউ, প্রতীতি - ০১, মতিউর রহমান মল্লিক, NA, NA, NA, https://www.dropbox.com/scl/fi/fsqsuk3afaa5cmtk7nqmu/amake-jokhon.mp3?rlkey=djvi8cezdna5f3c2w1qw5lrtn&dl=1, NA, NA
কী হবে হতাশ হয়ে, প্রতীতি - ০১, মতিউর রহমান মল্লিক, NA, NA, NA, https://www.dropbox.com/scl/fi/bmevooay29s5puwfrm671/Ki-hobe.mp3?rlkey=a740tsid6dh8np91tnlb8kl9z&dl=1, NA, NA
উত্তাপে উজ্জ্বল, প্রতীতি - ০১, মতিউর রহমান মল্লিক, NA, NA, NA, https://www.dropbox.com/scl/fi/94qeu4mo0d47w6onzuw4o/uttape-ujjol.mp3?rlkey=ckp569tzxbzu09k06nm5zzrnj&dl=1, NA, NA
চলো মুজাহিদ, প্রতীতি - ০১, মতিউর রহমান মল্লিক, NA, NA, NA, https://www.dropbox.com/scl/fi/cyi5ue968ou3owb3290h8/cholo-mujahid.mp3?rlkey=7o047bav5muciseboj9jhvw5t&dl=1, NA, NA
এখানে কি কেউ নেই?, প্রতীতি - ০১, মতিউর রহমান মল্লিক, NA, NA, NA, https://www.dropbox.com/scl/fi/u34g4kbkrpuont36jeizj/ekhane-ki-keu-nei.mp3?rlkey=hbiubk4uiolm3xgtleh7qn60a&dl=1, NA, NA
এসে আল-কুরআনের, প্রথম ফোটা ফুল, NA, টর্নেডো শিল্পী গোষ্ঠী, NA, NA, https://dl.dropbox.com/s/6td6gd3ckyubuhg/Asho-Alquraner-Pothe.mp3, NA, NA
আল্লাহ তাদের  বাঁচাও, প্রথম ফোটা ফুল, NA, টর্নেডো শিল্পী গোষ্ঠী, NA, NA, https://dl.dropbox.com/s/dw77258osk6zzo0/Allah-Tader-Bachio.mp3, NA, NA
আজ আর করি না ভয়, প্রথম ফোটা ফুল, NA, টর্নেডো শিল্পী গোষ্ঠী, NA, NA, https://dl.dropbox.com/s/dm3aa9c6pdmyrg6/aj%20ar%20korina%20voy.mp3, NA, NA
এ দেহ স্টিমার, প্রথম ফোটা ফুল, NA, টর্নেডো শিল্পী গোষ্ঠী, NA, NA, https://dl.dropbox.com/s/2bdvd4r5boclvr9/Ai-Deho-Steamer.mp3, NA, NA
খোদা তোমার করুণা, প্রথম ফোটা ফুল, NA, টর্নেডো শিল্পী গোষ্ঠী, NA, NA, https://dl.dropbox.com/s/8sdi6jhdge65mcl/khoda-tomar.mp3, NA, NA
এখানে পাঠাও তুমি, প্রথম ফোটা ফুল, NA, টর্নেডো শিল্পী গোষ্ঠী, NA, NA, https://dl.dropbox.com/s/xdcyn3qrtq1xyqw/Akhane-Pathao-Tumi-Omar-Abar.mp3, NA, NA
তিস্তা আত্রাই ধরলা, প্রথম ফোটা ফুল, NA, টর্নেডো শিল্পী গোষ্ঠী, NA, NA, https://dl.dropbox.com/s/9mh7ymjfnhgonwh/tista%20atrai%20dharla.mp3, NA, NA
নদীরো বসন্ত, প্রথম ফোটা ফুল, NA, টর্নেডো শিল্পী গোষ্ঠী, NA, NA, https://dl.dropbox.com/s/fwhoyovr8l851k3/nodiro%20boshonto%20sheshere.mp3, NA, NA
মারহাবা মারহাবা, প্রথম ফোটা ফুল, NA, টর্নেডো শিল্পী গোষ্ঠী, NA, NA, https://dl.dropbox.com/s/kxo9wfly1wcdepi/marhaba%20marhaba%20tomay%20ya.mp3, NA, NA
জীবনটা সঁপে, প্রথম ফোটা ফুল, NA, টর্নেডো শিল্পী গোষ্ঠী, NA, NA, https://dl.dropbox.com/s/zrggz6jzrq9qzw9/Jibonta-Shope-Dilam.mp3, NA, NA
তোমার নামে,প্রাণ খুঁজে পাই,নওশাদ মাহফুজ,টাইফুন শিল্পী গোষ্ঠী,NA,NA,https://dl.dropbox.com/s/kkpbvnpqo6z7c0m/1tomar%20name.mp3?dl=1,NA,NA
আমি কুরআনের,প্রাণ খুঁজে পাই,নওশাদ মাহফুজ,টাইফুন শিল্পী গোষ্ঠী,NA,NA,https://dl.dropbox.com/s/i3gdatiyub7eugx/2ami%20quraner.mp3?dl=1,NA,NA
ওগো মুজাহিদ,প্রাণ খুঁজে পাই,নওশাদ মাহফুজ,টাইফুন শিল্পী গোষ্ঠী,NA,NA,https://dl.dropbox.com/s/4ve4nbnqk9x6f3r/3ogo%20mujaheed.mp3?dl=1,NA,NA
কত ভালবাসি,প্রাণ খুঁজে পাই,নওশাদ মাহফুজ,টাইফুন শিল্পী গোষ্ঠী,NA,NA,https://dl.dropbox.com/s/1hox5rgorwuq120/4koto%20valobasi.mp3?dl=1,NA,NA
তোমার নামের মধুর,প্রাণ খুঁজে পাই,নওশাদ মাহফুজ,টাইফুন শিল্পী গোষ্ঠী,NA,NA,https://dl.dropbox.com/s/fmh3iv37kx4xjfb/5tomar%20name.mp3?dl=1,NA,NA
রব কে তোমার,প্রাণ খুঁজে পাই,নওশাদ মাহফুজ,টাইফুন শিল্পী গোষ্ঠী,NA,NA,https://dl.dropbox.com/s/l1h8me6w7k75u0s/6rab%20ke%20tomar.mp3?dl=1,NA,NA
মন কেন,প্রাণ খুঁজে পাই,নওশাদ মাহফুজ,টাইফুন শিল্পী গোষ্ঠী,NA,NA,https://dl.dropbox.com/s/v07dc6l9bn4ar8q/7mon%20keno.mp3?dl=1,NA,NA
আমার মায়ের,প্রাণ খুঁজে পাই,নওশাদ মাহফুজ,টাইফুন শিল্পী গোষ্ঠী,NA,NA,https://dl.dropbox.com/s/wwb638q1i1iqlkw/8amar%20mayer.mp3?dl=1,NA,NA
নদীর পানি,প্রাণ খুঁজে পাই,নওশাদ মাহফুজ,টাইফুন শিল্পী গোষ্ঠী,NA,NA,https://dropbox.com/s/hjsih8qy0tp33y6/9nodir%20pani.mp3?dl=1,NA,NA
আমি চোখ,প্রাণ খুঁজে পাই,নওশাদ মাহফুজ,টাইফুন শিল্পী গোষ্ঠী,NA,NA,https://dl.dropbox.com/s/45jeu6ga92vdc45/10ami%20chokh.mp3?dl=1,NA,NA
আমায় এমন,প্রাণ খুঁজে পাই,নওশাদ মাহফুজ,টাইফুন শিল্পী গোষ্ঠী,NA,NA,https://dl.dropbox.com/s/yo4e4eckrlatha6/11amay%20emon.mp3?dl=1,NA,NA
এখন তো সময়,প্রাণ খুঁজে পাই,নওশাদ মাহফুজ,টাইফুন শিল্পী গোষ্ঠী,NA,NA,https://dl.dropbox.com/s/0gzd68q94d9pifh/12ekhon%20to%20somoy.mp3?dl=1,NA,NA
সবুজ দিগন্তে,প্রাণ খুঁজে পাই,নওশাদ মাহফুজ,টাইফুন শিল্পী গোষ্ঠী,NA,NA,https://dl.dropbox.com/s/sa0zy1z9v4s7xty/13%20sobuj%20digonte.mp3?dl=1,NA,NA
যারা আল্লাহর,প্রাণ খুঁজে পাই,নওশাদ মাহফুজ,টাইফুন শিল্পী গোষ্ঠী,NA,NA,https://dl.dropbox.com/s/aptbd46dd2fhldr/14jara%20allahr.mp3?dl=1,NA,NA
আমার দয়াল আল্লাহরে, প্যারোডি গান,আবুল কাশেম,সাইমুম শিল্পী গোষ্ঠী, NA, NA, https://www.dropbox.com/s/5rjwk8ynbko9wnp/1-amar-doyal-Allahre.mp3?dl=1, প্যারোডি গান, NA
চলছে মামু ভাগিনার কারবার, প্যারোডি গান,আবুল কাশেম,সাইমুম শিল্পী গোষ্ঠী, NA, NA, https://www.dropbox.com/s/rtj4f5o58o6imw7/2-mamu-vaginar-karbar.mp3?dl=1, প্যারোডি গান, NA
দুনিয়ার গোলক ধাঁধাঁয়, প্যারোডি গান,আবুল কাশেম,সাইমুম শিল্পী গোষ্ঠী, NA, NA, https://www.dropbox.com/s/bw4i90186zgto4h/3-duniar-golok-dhandha.mp3?dl=1, প্যারোডি গান, NA
সাধের সুখ পাখি, প্যারোডি গান,আবুল কাশেম,সাইমুম শিল্পী গোষ্ঠী, NA, NA, https://www.dropbox.com/s/6iezi9u8bfdvnrr/4-sadher-sukh-pakhi.mp3?dl=1, প্যারোডি গান, NA
প্রাণ দিয়াছেন যিনি আমারে, প্যারোডি গান,আবুল কাশেম,সাইমুম শিল্পী গোষ্ঠী, NA, NA, https://www.dropbox.com/s/6dhttzpg79rrb8j/5-pran-diachen-zini-amare.mp3?dl=1, প্যারোডি গান, NA
ওরে মিছে মায়ায় ডুবে, প্যারোডি গান,আবুল কাশেম,সাইমুম শিল্পী গোষ্ঠী, NA, NA, https://www.dropbox.com/s/ahyr1vmb7t8wf2q/6-ore-miche-mayay.mp3?dl=1, প্যারোডি গান, NA
কার নামে ভেসে,পাহাড়ী ঝরণা,NA,টাইফুন শিল্পীগোষ্ঠী,NA,NA,https://dl.dropbox.com/s/ae2qwg52eynnti7/001-Kar%20Nam.mp3,NA,NA
এই উদাসী মন,পাহাড়ী ঝরণা,NA,টাইফুন শিল্পীগোষ্ঠী,NA,NA,https://dl.dropbox.com/s/t192xq589terzxa/002-Ei%20Udashi%20Mon.mp3,NA,NA
ও নদী একটু শোনো,পাহাড়ী ঝরণা,NA,টাইফুন শিল্পীগোষ্ঠী,NA,NA,https://dl.dropbox.com/s/pd1n29h5sptnexo/005-O%20Nodi%20Ektu%20Shono.mp3,NA,NA
নিও না নিও না প্রভূ,পাহাড়ী ঝরণা,NA,টাইফুন শিল্পীগোষ্ঠী,NA,NA,https://dl.dropbox.com/s/cg9ek00t7lza2qw/004-Niyona%20Niyona%20Provu.mp3,NA,NA
ও.. গন্ধরাজ,পাহাড়ী ঝরণা,NA,টাইফুন শিল্পীগোষ্ঠী,NA,NA,https://dl.dropbox.com/s/9azlxl2wgb487ii/003-O%20Gondhoraj.mp3,NA,NA
আকাশে তারা হাসে,পাহাড়ী ঝরণা,NA,টাইফুন শিল্পীগোষ্ঠী,NA,NA,https://www.dropbox.com/s/k54r9d1nhn0gi61/006-Akashe%20Tara%20Hashe.mp3?dl=1,NA,NA
আল্লাহু আল্লাহু,পাহাড়ী ঝরণা,NA,টাইফুন শিল্পীগোষ্ঠী,NA,NA,https://www.dropbox.com/s/h4rvp2xfhosnks6/007-Allahu%20Allahu.mp3?dl=1,NA,NA
তোমার স্বর্গ তোমার,পাহাড়ী ঝরণা,NA,টাইফুন শিল্পীগোষ্ঠী,NA,NA,https://www.dropbox.com/s/r52t2xxuojof7wr/008-Tomar%20Shorgo.mp3?dl=1,NA,NA
ও ফুল পাখি,পাহাড়ী ঝরণা,NA,টাইফুন শিল্পীগোষ্ঠী,NA,NA,https://www.dropbox.com/s/fm9s6rmlzn567y9/009-O%20Ful%20Pakhi.mp3?dl=1,NA,NA
প্রিয় দেশ,পাহাড়ী ঝরণা,NA,টাইফুন শিল্পীগোষ্ঠী,NA,NA,https://www.dropbox.com/s/ce24af6w445tkhv/010-Priyo%20Desh.mp3?dl=1,NA,NA
কোথায় আছো মা জননী,পাহাড়ী ঝরণা,NA,টাইফুন শিল্পীগোষ্ঠী,NA,NA,https://www.dropbox.com/s/7byf8w5o4124a03/011-Kothay%20Acho%20Ma.mp3?dl=1,NA,NA
আকাশ জুড়ে,পাহাড়ী ঝরণা,NA,টাইফুন শিল্পীগোষ্ঠী,NA,NA,https://www.dropbox.com/s/2mbxdwzq45vytcc/012-Akash%20Jure.mp3?dl=1,NA,NA
মাকে দেখি না,পাহাড়ী ঝরণা,NA,টাইফুন শিল্পীগোষ্ঠী,NA,NA,https://www.dropbox.com/s/mytzsdktnsk2ihj/013-Make%20Dekhi%20Na.mp3?dl=1,NA,NA
আমি তোমার মতন,অনুপ্রাণন,NA,সাইমুম শিল্পী গোষ্ঠী,NA,NA,https://dl.dropbox.com/s/3xqr98s667nmuae/01-Ami%20Tomar%20Moton%20Apon%20Kore%20.mp3,NA,NA
আমরা একটা নতুন সমাজ,অনুপ্রাণন,NA,সাইমুম শিল্পী গোষ্ঠী,NA,NA,https://dl.dropbox.com/s/08s61fyvg4ns80h/02-Amra%20Ekta%20Notun%20Shomaj%20.mp3,NA,NA
এসো আল্লাহর পথে,অনুপ্রাণন,NA,সাইমুম শিল্পী গোষ্ঠী,NA,NA,https://dl.dropbox.com/s/fnn3sxfibluzefc/03-Esho%20Allahr%20Pothe%20Esho%20Rasuler%20Pothe%20.mp3,NA,NA
গোলামীর বিরুদ্ধে,অনুপ্রাণন,NA,সাইমুম শিল্পী গোষ্ঠী,NA,NA,https://dl.dropbox.com/s/tcv2b6m6qmu9hhf/04-Golamir%20Biruddhe%20.mp3,NA,NA
হে ঘুমন্ত মানুষ,অনুপ্রাণন,NA,সাইমুম শিল্পী গোষ্ঠী,NA,NA,https://dl.dropbox.com/s/v2r89m12x6gayby/05-He%20Gumonto%20Manush%20Jago.mp3,NA,NA
হে রাসুল বুঝি না,অনুপ্রাণন,NA,সাইমুম শিল্পী গোষ্ঠী,NA,NA,https://dl.dropbox.com/s/wsvgx5ryegy08at/06-He%20Rasul%20Bujhina%20Ami%20.mp3,NA,NA
মাগো তোমায় দিলাম,অনুপ্রাণন,NA,সাইমুম শিল্পী গোষ্ঠী,NA,NA,https://dl.dropbox.com/s/yyhbni5zekbv08k/07-Mago%20Tomay%20Dilam%20Kothay%20.mp3,NA,NA
মুসলিম আজ ওঠো,অনুপ্রাণন,NA,সাইমুম শিল্পী গোষ্ঠী,NA,NA,https://dl.dropbox.com/s/5gl52gqsz3530ic/08-Muslim%20Aj%20Utho%20Jago%20.mp3,NA,NA
সালাম বীরজোয়ান,অনুপ্রাণন,NA,সাইমুম শিল্পী গোষ্ঠী,NA,NA,https://dl.dropbox.com/s/2ybha1pkp9whhud/09-Salam%20Birjoyan%20Shohid%20Noujoyan%20.mp3,NA,NA
সালাম সালাম হাজার,অনুপ্রাণন,NA,সাইমুম শিল্পী গোষ্ঠী,NA,NA,https://dl.dropbox.com/s/oowyskm5bzyoc5d/10-Salam%20Salam%20Hajar%20Salam%20He%20Priyo%20.mp3,NA,NA
শাহজালালের শাহ মাখদুমের,অনুপ্রাণন,NA,সাইমুম শিল্পী গোষ্ঠী,NA,NA,https://dl.dropbox.com/s/fzuef1dtjrsg7ck/11-Shah%20jalaler%20Shah%20Makhdumer.mp3,NA,NA
সকল ব্যথার বোঝা,অনুপ্রাণন,NA,সাইমুম শিল্পী গোষ্ঠী,NA,NA,https://dl.dropbox.com/s/8o6c6isx2g7iaun/12-Shokol%20Bethar%20Boja%20Boite%20Pare.mp3,NA,NA
সত্যের এ পথে চলো,অনুপ্রাণন,NA,সাইমুম শিল্পী গোষ্ঠী,NA,NA,https://dl.dropbox.com/s/pbxx20va27vpvqm/13-sotye-%20e-pothe.mp3,NA,NA
সত্যের সংগ্রামে,অনুপ্রাণন,NA,সাইমুম শিল্পী গোষ্ঠী,NA,NA,https://dl.dropbox.com/s/8qrv42keemev3yr/14-Sotyer%20songrame%20Fota%20Full%20.mp3,NA,NA
তোরা চাসনে কিছু,অনুপ্রাণন,NA,সাইমুম শিল্পী গোষ্ঠী,NA,NA,https://dl.dropbox.com/s/uo8ddwupjh6h46g/15-Tora%20Chashne%20Kichu.mp3,NA,NA
অপরূপ সৃষ্টি তোমার,নজরানা,রবিউল ইসলাম ফয়সল, প্রত্যাশা সাংস্কৃতিক সংসদ,NA,NA,https://www.dropbox.com/s/0eyi6pzk3fbg3aa/1oporup%20sristi.mp3?dl=1,NA,NA
দুঃখ দিও না মাকে,নজরানা,রবিউল ইসলাম ফয়সল, প্রত্যাশা সাংস্কৃতিক সংসদ,NA,NA,https://www.dropbox.com/s/i4iu11hvavbi3r7/2dukkho%20diyona%20make.mp3?dl=1,NA,NA
আমার ভালবাসা শুধু,নজরানা,রবিউল ইসলাম ফয়সল, প্রত্যাশা সাংস্কৃতিক সংসদ,NA,NA,https://www.dropbox.com/s/m3378vati2wpifn/3amar%20valobasa.mp3?dl=1,NA,NA
তোমার দয়ার নাই সীমানা,নজরানা,রবিউল ইসলাম ফয়সল, প্রত্যাশা সাংস্কৃতিক সংসদ,NA,NA,https://www.dropbox.com/s/sbcn94qr911ybsf/4tomar%20doyar.mp3?dl=1,NA,NA
তোমার আপন ঠিকানা,নজরানা,রবিউল ইসলাম ফয়সল, প্রত্যাশা সাংস্কৃতিক সংসদ,NA,NA,https://www.dropbox.com/s/0a30quj119vztgi/5tomar%20apon%20thikana.mp3?dl=1,NA,NA
জীবনের মালিক তুমি,নজরানা,রবিউল ইসলাম ফয়সল, প্রত্যাশা সাংস্কৃতিক সংসদ,NA,NA,https://www.dropbox.com/s/k3c1u1ej0v6mio0/6jiboner%20malik%20provu.mp3?dl=1,NA,NA
কোথা সে মুসলমান,নজরানা,রবিউল ইসলাম ফয়সল, প্রত্যাশা সাংস্কৃতিক সংসদ,NA,NA,https://www.dropbox.com/s/jrqassiuujz1cou/7kotha%20se%20musalman.mp3?dl=1,NA,NA
আজান শুনে মসজিদে,নজরানা,রবিউল ইসলাম ফয়সল, প্রত্যাশা সাংস্কৃতিক সংসদ,NA,NA,https://www.dropbox.com/s/pt87053vfqryqd8/8azan%20shune%20masjid.mp3?dl=1,NA,NA
শুকরিয়া তোমার,নজরানা,রবিউল ইসলাম ফয়সল, প্রত্যাশা সাংস্কৃতিক সংসদ,NA,NA,https://www.dropbox.com/s/o2vohqjfzmd0kvt/10shukriya%20tomar.mp3?dl=1,NA,NA
আমার দেশের স্বাধীনতা,নজরানা,রবিউল ইসলাম ফয়সল, প্রত্যাশা সাংস্কৃতিক সংসদ,NA,NA,https://www.dropbox.com/s/4162fgmkoxzulhb/9amar%20desher.mp3?dl=1,NA,NA
আজকে আমার বুক,নজরানা,রবিউল ইসলাম ফয়সল, প্রত্যাশা সাংস্কৃতিক সংসদ,NA,NA,https://www.dropbox.com/s/9j8iiulsz8lt0ac/11ajke%20amar%20buk.mp3?dl=1,NA,NA
একটি তারার কাছে প্রশ্ন,নজরানা,রবিউল ইসলাম ফয়সল, প্রত্যাশা সাংস্কৃতিক সংসদ,NA,NA,https://www.dropbox.com/s/l203kjrh776wv7u/12ekti%20tarar%20kache.mp3?dl=1,NA,NA
আল হেরাতে ধ্যানে,নজরানা,রবিউল ইসলাম ফয়সল, প্রত্যাশা সাংস্কৃতিক সংসদ,NA,NA,https://www.dropbox.com/s/j7t45auruoc8acm/13al%20herate.mp3?dl=1,NA,NA
আমার জন্মভূমি,নজরানা,রবিউল ইসলাম ফয়সল, প্রত্যাশা সাংস্কৃতিক সংসদ,NA,NA,https://www.dropbox.com/s/b0s98vxt9l0ujmb/14amar%20jonmovumi.mp3?dl=1,NA,NA
হেরে যায় যমুনার,নজরানা,রবিউল ইসলাম ফয়সল, প্রত্যাশা সাংস্কৃতিক সংসদ,NA,NA,https://www.dropbox.com/s/0m5cqo56sf9pqgj/15hera%20zay%20jomunar.mp3?dl=1,NA,NA
দুই দিনের দুনিয়ার,নজরানা,রবিউল ইসলাম ফয়সল, প্রত্যাশা সাংস্কৃতিক সংসদ,NA,NA,https://www.dropbox.com/s/jgsgh5s43qzwp5v/16duin%20diner%20ei.mp3?dl=1,NA,NA
এলো কে কাবার,নাতে রাসুল (সা),NA, সাইমুম শিল্পীগোষ্ঠী,NA,NA,https://www.dropbox.com/scl/fi/oqk27z2zbuxn2bmvg5o7l/Elo-Ke-Kabar-Dhare.mp3?rlkey=d9x3jf9lzdwk7lcjat7x48la3&st=jyisom7i&dl=1,NA,NA
জেনে বুঝে গাইলো,নাতে রাসুল (সা),NA, সাইমুম শিল্পীগোষ্ঠী,NA,NA,https://www.dropbox.com/scl/fi/5ks2a86x74rnvcrn77dtu/Jene-Bujhe.mp3?rlkey=brrh6op2kzk34exmcv12fve32&st=0gno6d6x&dl=1,NA,NA
ওগো ও কামলিওয়ালা,নাতে রাসুল (সা),NA, সাইমুম শিল্পীগোষ্ঠী,NA,NA,https://www.dropbox.com/scl/fi/c7a57rw6rdxesqubyne37/Ogo-O-Kamli-Wala.mp3?rlkey=89vtr1rc0axxtq8dyjd1ox5ol&st=rr7t2c3b&dl=1,NA,NA
আমি যদি আরব,নাতে রাসুল (সা),NA, সাইমুম শিল্পীগোষ্ঠী,NA,NA,https://www.dropbox.com/scl/fi/mg9gk9ydocdrln8war072/Ami-Jadi-Arab.mp3?rlkey=gl6zxjea2y4k5hcmdeyyla881&st=8scbwjzt&dl=1,NA,NA
ঘুমিয়ে আছো,নাতে রাসুল (সা),NA, সাইমুম শিল্পীগোষ্ঠী,NA,NA,https://www.dropbox.com/scl/fi/4m1vgmj7esn24r51vvjmc/Ghumiye-Achho.mp3?rlkey=aqn3cqraic2yo1zvbdtyhr4mt&st=yrjcbhai&dl=1,NA,NA
সালাম তোমাকে,নাতে রাসুল (সা),NA, সাইমুম শিল্পীগোষ্ঠী,NA,NA,https://www.dropbox.com/scl/fi/93p3do55e7piwzntlgzk5/Salam-Tomake.mp3?rlkey=y4m5yfqs9vvvmbk2yj7yh50cv&st=k277z6et&dl=1,NA,NA
লক্ষ চাঁদের আলো,নাতে রাসুল (সা),NA, সাইমুম শিল্পীগোষ্ঠী,NA,NA,https://www.dropbox.com/scl/fi/9rtv4nvuxg661uimcrcxn/Lakhha-Chander-Alo.mp3?rlkey=9vfy317lgda2v479cbhuisxhg&st=lchovgxg&dl=1,NA,NA
তালা'আল বাদরু,নাতে রাসুল (সা),NA, সাইমুম শিল্পীগোষ্ঠী,NA,NA,https://www.dropbox.com/scl/fi/j56vde62eil1cdxtj3vkt/Tala-Al-Badru-Alaina.mp3?rlkey=oiuv1myqca8hmzam5d8zjuu5a&st=ce4g0dki&dl=1,NA,NA
তিনি নন তো শুধু,নাতে রাসুল (সা),NA, সাইমুম শিল্পীগোষ্ঠী,NA,NA,https://www.dropbox.com/scl/fi/jq6z693duiyg7d68juwy3/Tini-Nonto-Shudhu.mp3?rlkey=rqmmj5eetmlddep8757sz053m&st=nggjy8cf&dl=1,NA,NA
তুমি রহমাতে আলা,নাতে রাসুল (সা),NA, সাইমুম শিল্পীগোষ্ঠী,NA,NA,https://www.dropbox.com/scl/fi/0szdjcynfmpn2bf6urqsr/Tumi-Rahmate.mp3?rlkey=g7gp0mfngvn7mrvi2alj9b0br&st=ekafe92y&dl=1,NA,NA
ওগো রাসুল প্রিয়,নাতে রাসুল (সা),NA, সাইমুম শিল্পীগোষ্ঠী,NA,NA,https://www.dropbox.com/scl/fi/bmdxhjb1j6robaw8d2vvq/Ogo-Rasul-Prio.mp3?rlkey=pch8rly2i8vtuk3590bpmzn4h&st=1qmoj91o&dl=1,NA,NA
ইয়া নাবী সালামু,নাতে রাসুল (সা),NA, সাইমুম শিল্পীগোষ্ঠী,NA,NA,https://www.dropbox.com/scl/fi/5wz44j21f7hpfvkoxamkq/Yaa-Nabi-Salamu.mp3?rlkey=jwcly7svvria6cbrt464dxuuc&st=v72g1ie7&dl=1,NA,NA
জেগে ওঠো মুসলিম,মুসলিম আজ ওঠো,মশিউর রহমান,NA,NA,NA,https://dl.dropbox.com/s/7t2r9w8zirxsefo/01_jege_utho_muslim.mp3,NA,NA
ও আমার ফিলিস্তিন,মুসলিম আজ ওঠো,সাইফুল্লাহ মানছুর,NA,NA,NA,https://dl.dropbox.com/s/p7k772is5o2hzrg/02_o_amar_filistin.mp3,NA,NA
বিশ্ব বিবেক কোথায়,মুসলিম আজ ওঠো,মশিউর রহমান,NA,NA,NA,https://dl.dropbox.com/s/er3sf6lfewbot4q/03_bishwo_bibek.mp3,NA,NA
ইহুদী নাসারার বুলেটের,মুসলিম আজ ওঠো,মশিউর রহমান,NA,NA,NA,https://dl.dropbox.com/s/bc8y2hvx84cth30/04_ihudi_nasarar_buleter.mp3,NA,NA
মাগো আমায়,মুসলিম আজ ওঠো,সাইমুম,NA,NA,NA,https://dl.dropbox.com/s/q7k6600trgf04pg/05_mago_amay.mp3,NA,NA
আফগান আমাদের,মুসলিম আজ ওঠো,মশিউর রহমান,NA,NA,NA,https://dl.dropbox.com/s/095syam6g687aw7/06_afghan_amader_imaner.mp3,NA,NA
ফিলিস্তিনি মায়ের,মুসলিম আজ ওঠো,মশিউর রহমান,NA,NA,NA,https://dl.dropbox.com/s/hp899s8zzkbhn5c/07_filistini_mayer.mp3,NA,NA
পৃথিবীর প্রতিটি জনপদে,মুসলিম আজ ওঠো,মশিউর রহমান,NA,NA,NA,https://dl.dropbox.com/s/xt9x984x0qnmfqf/08_prithibir_protiti_jonopode.mp3,NA,NA
ঘুমন্ত জননীর,মুসলিম আজ ওঠো,মশিউর রহমান,NA,NA,NA,https://dl.dropbox.com/s/bfgtwfg33s32qo5/09_ghumonto_jononir.mp3,NA,NA
যুদ্ধে যাবার সময়,মুসলিম আজ ওঠো,মশিউর রহমান,NA,NA,NA,https://dl.dropbox.com/s/gte53z8ajbpokmw/10_zuddhe_zabar_somoy.mp3,NA,NA
বদরের প্রান্তরে দয়াময়,মুসলিম আজ ওঠো,মশিউর রহমান,NA,NA,NA,https://dl.dropbox.com/s/r1lcuaxpepq5eah/11_bodorer_prantore.mp3,NA,NA
শহীদের লাশ দেখো,মুসলিম আজ ওঠো,মশিউর রহমান,NA,NA,NA,https://dl.dropbox.com/s/zutikkc1f86qihg/12_shahider_lash_dekho.mp3,NA,NA
বদরের যুদ্ধ দেখি,মুসলিম আজ ওঠো,মশিউর রহমান,NA,NA,NA,https://dl.dropbox.com/s/zpvkiwb5ukzt4f2/13_bodorer_zuddho_dekhi.mp3,NA,NA
জিহাদের ময়দান,মুসলিম আজ ওঠো,মশিউর রহমান,NA,NA,NA,https://dl.dropbox.com/s/viaqrfif4xaujmj/14_zihader_moydan.mp3,NA,NA
ধর্মের পথে শহীদ,মুসলিম আজ ওঠো,সাইফুল্লাহ মানছুর,NA,NA,NA,https://dl.dropbox.com/s/ul81xnlvqi6vqy0/15_dhormer_pothe_shahid.mp3,NA,NA
আমাকে দাও সে ঈমান,মল্লিক গুচ্ছ - ০১,মতিউর রহমান মল্লিক,NA,NA,NA,https://www.dropbox.com/scl/fi/tn1z1g0j04erzqjkup8xt/amake-dao-sei.mp3?rlkey=0xycr1gcxk3kjqtkhxulmskob&dl=1,NA,NA
চলো মুজাহিদ জিহাদে,মল্লিক গুচ্ছ - ০১,মতিউর রহমান মল্লিক,NA,NA,NA,https://www.dropbox.com/scl/fi/5ih8vq72bdoviy64ggv3n/cholo-cholo.mp3?rlkey=t6vt2tv2pgv91gyxeaklhuc83&dl=1,NA,NA
এই গুনাহগার,মল্লিক গুচ্ছ - ০১,মতিউর রহমান মল্লিক,NA,NA,NA,https://www.dropbox.com/scl/fi/j79k0kze2p3l97y0g3pze/ei-gunahgar.mp3?rlkey=c2lusbhg5bwsmedr01z0h2bsi&dl=1,NA,NA
ঈমানের দাবী যদি,মল্লিক গুচ্ছ - ০১,মতিউর রহমান মল্লিক,NA,NA,NA,https://www.dropbox.com/scl/fi/0eo1rbrkdqs7ur0ernzzv/Emaner-dabi.mp3?rlkey=yvxcej20lh5h4dlw9nidbfr6t&dl=1,NA,NA
জিহাদ করতে চাই,মল্লিক গুচ্ছ - ০১,মতিউর রহমান মল্লিক,NA,NA,NA,https://www.dropbox.com/scl/fi/k7wz54u51jec6ncjqqbf2/Jihad-korte.mp3?rlkey=72pyab1asntdgkflb4kvdnuxs&dl=1,NA,NA
জিহাদের মানে হলো,মল্লিক গুচ্ছ - ০১,মতিউর রহমান মল্লিক,NA,NA,NA,https://www.dropbox.com/scl/fi/hqml7rq5iw7sb3ei0wjym/jihader-mane-holo.mp3?rlkey=pm0tnih8o3o234gjffxcc4avp&dl=1,NA,NA
রাসুল আমার আলো আশা,মল্লিক গুচ্ছ - ০১,মতিউর রহমান মল্লিক,NA,NA,NA,https://www.dropbox.com/scl/fi/cus14dkaaea9nixfsef3q/Rasul-amar-alo-asha.mp3?rlkey=v75oy8dpnha74sbduadx80icv&dl=1,NA,NA
শহরের ফুটপাথে,মল্লিক গুচ্ছ - ০১,মতিউর রহমান মল্লিক,NA,NA,NA,https://www.dropbox.com/scl/fi/p22otwmmixo8lcxko7tb5/shohorer-futpathe.mp3?rlkey=ph2a0x8k69x5pmmpcpk9qpmvb&dl=1,NA,NA
সুন্দর সুন্দর বন যে,মল্লিক গুচ্ছ - ০১,মতিউর রহমান মল্লিক,NA,NA,NA,https://www.dropbox.com/scl/fi/be49u1bd83r3b6pg6uvbl/shundor-shundor-bon.mp3?rlkey=0zfurnzs6bt6exbks2jist3hl&dl=1,NA,NA
টিক টিক যে ঘড়িটা,মল্লিক গুচ্ছ - ০১,মতিউর রহমান মল্লিক,NA,NA,NA,https://www.dropbox.com/scl/fi/qis4tt1aap3dw0inareky/tik-tik-je-ghorita.mp3?rlkey=pzvd7cgeb3s6ipzr1hegzrl1m&dl=1,NA,NA
তোমার নামে যদি গান,মল্লিক গুচ্ছ - ০১,মতিউর রহমান মল্লিক,NA,NA,NA,https://www.dropbox.com/scl/fi/y6lx8a84a2q8qwjr4bukt/tomar-name-jodi.mp3?rlkey=adwvds06fqb2mza85kn80nrfs&dl=1,NA,NA
যেমন তুমি দিলে যমীন, কিসের ব্যথা বাজে,মশিউর রহমান,NA,NA,NA,https://dl.dropbox.com/s/a4hy1ycvqam144p/01%20-Jemon%20tumi%20dile%20jomin.mp3?dl=1,NA,NA
একটা ওমর এ যমানায়, কিসের ব্যথা বাজে,মশিউর রহমান,NA,NA,NA,https://dl.dropbox.com/s/lzud8hh80snx4kx/02%20-%20Akta%20omar%20ai%20jamanai.mp3?dl=1,NA,NA
সোনার পাখিরা একে একে, কিসের ব্যথা বাজে,মশিউর রহমান,NA,NA,NA,https://dl.dropbox.com/s/6kkdlhqlfy6hr65/03%20-Sonar%20pakhira.mp3?dl=1,NA,NA
আমার কণ্ঠে এমন সুধা দাও, কিসের ব্যথা বাজে,মশিউর রহমান,NA,NA,NA,https://dl.dropbox.com/s/9pqn5w0du3fuful/04%20-Amar%20kondhe%20amon.mp3?dl=1,NA,NA
কিসের ব্যথা বাজে!, কিসের ব্যথা বাজে,মশিউর রহমান,NA,NA,NA,https://dl.dropbox.com/s/sjg0rifc5zx57m5/06-Solat%20sola.mp3?dl=1,NA,NA
কুর’আনের বাণী, কিসের ব্যথা বাজে,মশিউর রহমান,NA,NA,NA,https://dl.dropbox.com/s/0ihwlsh1jzpo9vi/06%20-Koraner%20bani%20je.mp3?dl=1,NA,NA
তাঁর দু’হাতে নিয়ামত, কিসের ব্যথা বাজে,মশিউর রহমান,NA,NA,NA,https://dl.dropbox.com/s/wf81kop3zsa260m/07%20-%20Tar%20du%20hate.mp3?dl=1,NA,NA
শাহাদাত ঈমানের, কিসের ব্যথা বাজে,মশিউর রহমান,NA,NA,NA,https://dl.dropbox.com/s/ko7rawwjfw4wrge/08%20-%20Sahadat%20imaner.mp3?dl=1,NA,NA
মাঝিরে তুই, কিসের ব্যথা বাজে,মশিউর রহমান,NA,NA,NA,https://dl.dropbox.com/s/cel2lgb1njnpqyp/09%20-Majhire%20tui%20mon.mp3?dl=1,NA,NA
আমার মায়ের কথা, কিসের ব্যথা বাজে,মশিউর রহমান,NA,NA,NA,https://dl.dropbox.com/s/j5xflxoqzwk5f76/10%20-%20Amar%20mayer%20kotha.mp3?dl=1,NA,NA
চলো তবে জেগে উঠি, কিসের ব্যথা বাজে,মশিউর রহমান,NA,NA,NA,https://dl.dropbox.com/s/oc4q3m8jos8y302/11%20-Cholo%20tobe%20jage.mp3?dl=1,NA,NA
আসবে আবার ওমর, কিসের ব্যথা বাজে,মশিউর রহমান,NA,NA,NA,https://dl.dropbox.com/s/l0qa2nujo5pzon1/12%20-%20Asbe%20abar%20omar.mp3?dl=1,NA,NA
হাজার গানের মাঝে, কিসের ব্যথা বাজে,মশিউর রহমান,NA,NA,NA,https://dl.dropbox.com/s/pwrfvzvd04bonxz/13%20-%20Hazar%20ganer%20majhe.mp3?dl=1,NA,NA
কামিনী ফুটেছে,কামিনী ফুটেছে বনে,মশিউর রহমান,NA,NA,NA,https://dl.dropbox.com/s/6uosp5blm3tkn98/1kamini%20futeche.mp3?dl=0,NA,NA
মনের মাঝে,কামিনী ফুটেছে বনে,মশিউর রহমান,NA,NA,NA,https://dl.dropbox.com/s/qttxu6yv6sdqj2y/2moner%20maje.mp3?dl=0,NA,NA
পৃথিবীর হাজারো,কামিনী ফুটেছে বনে,মশিউর রহমান,NA,NA,NA,https://dl.dropbox.com/s/qhmxrhjx5dq2lmm/3prithibir%20hajaro.mp3?dl=0,NA,NA
যদি তিতুর বাঁশের,কামিনী ফুটেছে বনে,মশিউর রহমান,NA,NA,NA,https://dl.dropbox.com/s/901zh9uvu6pekfc/4zodi%20titur%20bansher.mp3?dl=0,NA,NA
যার এতায়াত করলে,কামিনী ফুটেছে বনে,মশিউর রহমান,NA,NA,NA,https://dl.dropbox.com/s/zaa1r6k3p7ucr4r/5zar%20etayat%20korle.mp3?dl=0,NA,NA
কোনো এক প্রভাতে,কামিনী ফুটেছে বনে,মশিউর রহমান,NA,NA,NA,https://dl.dropbox.com/s/d7bld4r5mm5v0we/6kOn%20ek%20provate.mp3?dl=0,NA,NA
একটি গানের স্বরলিপি,কামিনী ফুটেছে বনে,মশিউর রহমান,NA,NA,NA,https://dl.dropbox.com/s/266e1kiu75mph2x/7ekti%20ganer%20sworlipi.mp3?dl=0,NA,NA
যেন আল্লাহ নামে,কামিনী ফুটেছে বনে,মশিউর রহমান,NA,NA,NA,https://dl.dropbox.com/s/f58jwn7hk4brk9f/8zen%20allahr%20name.mp3?dl=0,NA,NA
তুমি যদি কভু,কামিনী ফুটেছে বনে,মশিউর রহমান,NA,NA,NA,https://dl.dropbox.com/s/cf5hlxdgh0bjbcv/9tumi%20zodi%20lovu.mp3?dl=0,NA,NA
হাজার স্বপ্ন ছিল,কামিনী ফুটেছে বনে,মশিউর রহমান,NA,NA,NA,https://dl.dropbox.com/s/tjthgfyux9uipr9/10hajar%20swopn%20chil.mp3?dl=0,NA,NA
কী কথা বলতে,কামিনী ফুটেছে বনে,মশিউর রহমান,NA,NA,NA,https://dl.dropbox.com/s/6qxyi7w4s33qk52/11ki%20kotha%20bolte.mp3?dl=0,NA,NA
রক্তে ভেসে যায়,কামিনী ফুটেছে বনে,মশিউর রহমান,NA,NA,NA,https://www.dropbox.com/s/83tbgvlxjp652hn/12rokte%20vese%20zay.mp3?dl=0,NA,NA
এই নীলিমায় বল,কামিনী ফুটেছে বনে,মশিউর রহমান,NA,NA,NA,https://www.dropbox.com/s/cxrq5dequbvny6b/13oi%20nilimay%20bol.mp3?dl=0,NA,NA
বৃষ্টির ফোটায়,কামিনী ফুটেছে বনে,মশিউর রহমান,NA,NA,NA,https://dl.dropbox.com/s/nzt3mm2hc5xcxhd/14kon%20dale%20bujhi.mp3?dl=0,NA,NA
কোন ডালে বুঝি,কামিনী ফুটেছে বনে,মশিউর রহমান,NA,NA,NA,https://dl.dropbox.com/s/ryipdkiic1kx7yu/15brristir%20fotay%20fotay.mp3?dl=0,NA,NA
মরুর ধূলি, কাবার পথে,প্রবাহ সাহিত্য সাংস্কৃতিক সংসদ,NA,NA,NA,http://probaho.weebly.com/uploads/1/0/9/5/10954712/morur_doli_uthlo_jege.mp3,NA,NA
আমি কাবার পথে, কাবার পথে,প্রবাহ সাহিত্য সাংস্কৃতিক সংসদ,NA,NA,NA,http://probaho.weebly.com/uploads/1/0/9/5/10954712/agonito_jonoter_milon_melay.mp3,NA,NA
দূরে থাকি তবু পড়ে মনে, কাবার পথে,প্রবাহ সাহিত্য সাংস্কৃতিক সংসদ,NA,NA,NA,http://probaho.weebly.com/uploads/1/0/9/5/10954712/dore_thaki_tobu_mone_pore.mp3,NA,NA
দুধারি সবুজ চিরে, কাবার পথে,প্রবাহ সাহিত্য সাংস্কৃতিক সংসদ,NA,NA,NA,http://probaho.weebly.com/uploads/1/0/9/5/10954712/dodari_sobuj_chire.mp3,NA,NA
দিন দুনিয়ার মালিক, কাবার পথে,প্রবাহ সাহিত্য সাংস্কৃতিক সংসদ,NA,NA,NA,http://probaho.weebly.com/uploads/1/0/9/5/10954712/din_doniare_malik_tomi.mp3,NA,NA
আলো বাতাস পানি ছাড়া, কাবার পথে,প্রবাহ সাহিত্য সাংস্কৃতিক সংসদ,NA,NA,NA,http://probaho.weebly.com/uploads/1/0/9/5/10954712/alo_batas_pani_chara.mp3,NA,NA
আকাশ দিগন্ত একসাথে, কাবার পথে,প্রবাহ সাহিত্য সাংস্কৃতিক সংসদ,NA,NA,NA,http://probaho.weebly.com/uploads/1/0/9/5/10954712/akas_digonto_aksathe_mise.mp3,NA,NA
জীবন খাতার ছেড়া পাতায়, কাবার পথে,প্রবাহ সাহিত্য সাংস্কৃতিক সংসদ,NA,NA,NA,http://probaho.weebly.com/uploads/1/0/9/5/10954712/jibon_khater_chera_patay.mp3,NA,NA
সেই কালো মুখ, কাবার পথে,প্রবাহ সাহিত্য সাংস্কৃতিক সংসদ,NA,NA,NA,http://probaho.weebly.com/uploads/1/0/9/5/10954712/sai_kalo_mukh_dekhbona_r.mp3,NA,NA
নীল সাগরের কোল ঘেঁষে, কাবার পথে,প্রবাহ সাহিত্য সাংস্কৃতিক সংসদ,NA,NA,NA,http://probaho.weebly.com/uploads/1/0/9/5/10954712/nil_sagorer_kolgeseoi.mp3,NA,NA
ও তরীর নাইয়া, কাবার পথে,প্রবাহ সাহিত্য সাংস্কৃতিক সংসদ,NA,NA,NA,http://probaho.weebly.com/uploads/1/0/9/5/10954712/o_torir_naiya.mp3,NA,NA
তোমার শিল্পী করে, কাবার পথে,প্রবাহ সাহিত্য সাংস্কৃতিক সংসদ,NA,NA,NA,http://probaho.weebly.com/uploads/1/0/9/5/10954712/tomar_shilphi_kore.mp3,NA,NA
কি সুন্দর লাগে!, জীবন পাখি যায় উড়ে,সৃজন সাহিত্য সাংস্কৃতিক সংসদ,NA,NA,NA,https://dl.dropbox.com/s/yctxpq1xifcm3dv/1-ki-sundor-lage.mp3,NA,NA
দেশটা আমার, জীবন পাখি যায় উড়ে,সৃজন সাহিত্য সাংস্কৃতিক সংসদ,NA,NA,NA,https://dl.dropbox.com/s/aj63ymeysvqiinq/2-deshta-amar.mp3,NA,NA
মাঝি রে ..., জীবন পাখি যায় উড়ে,সৃজন সাহিত্য সাংস্কৃতিক সংসদ,NA,NA,NA,https://dl.dropbox.com/s/50qnxqmz7pd99a1/3majhire%20o.mp3,NA,NA
চরিত্রবান মানুষ ছাড়া, জীবন পাখি যায় উড়ে,সৃজন সাহিত্য সাংস্কৃতিক সংসদ,NA,NA,NA,https://dl.dropbox.com/s/k0avr4pzzp3jorr/4-choritroban-manush.mp3,NA,NA
পরান পাখি, জীবন পাখি যায় উড়ে,সৃজন সাহিত্য সাংস্কৃতিক সংসদ,NA,NA,NA,https://dl.dropbox.com/s/tkkd99gfxvbl33k/5-poran-pakhi.mp3,NA,NA
পিছে থেকে খোকা, জীবন পাখি যায় উড়ে,সৃজন সাহিত্য সাংস্কৃতিক সংসদ,NA,NA,NA,https://dl.dropbox.com/s/5dmn3kt4x13kusm/6-piche-theke.mp3,NA,NA
তার ভালবাসা, জীবন পাখি যায় উড়ে,সৃজন সাহিত্য সাংস্কৃতিক সংসদ,NA,NA,NA,https://dl.dropbox.com/s/a11lieiq8y5wkq3/7-tar-valobasa.mp3,NA,NA
সত্যের সেনানীরা, জীবন পাখি যায় উড়ে,সৃজন সাহিত্য সাংস্কৃতিক সংসদ,NA,NA,NA,https://dl.dropbox.com/s/yogg9gmhesuu8m4/8-sotyer-senanira.mp3,NA,NA
ফেব্রুয়ারির একুশ, জীবন পাখি যায় উড়ে,সৃজন সাহিত্য সাংস্কৃতিক সংসদ,NA,NA,NA,https://dl.dropbox.com/s/ej188wp3l21txdr/9-februarir-21.mp3,NA,NA
ছোট্ট বেলার সেই, জীবন পাখি যায় উড়ে,সৃজন সাহিত্য সাংস্কৃতিক সংসদ,NA,NA,NA,https://dl.dropbox.com/s/j50ps8hx7cwiatl/10-chotto-belar.mp3,NA,NA
আমি লাল শোণিত, জীবন পাখি যায় উড়ে,সৃজন সাহিত্য সাংস্কৃতিক সংসদ,NA,NA,NA,https://dl.dropbox.com/s/di3nkz75czqpfow/11-ami-lal-shonito.mp3,NA,NA
পাবনা শহর, জীবন পাখি যায় উড়ে,সৃজন সাহিত্য সাংস্কৃতিক সংসদ,NA,NA,NA,https://dl.dropbox.com/s/bkfdcv6squ9tkwk/12-pabna-shohor.mp3,NA,NA
জানো না রে বন্ধু, জীবন পাখি যায় উড়ে,সৃজন সাহিত্য সাংস্কৃতিক সংসদ,NA,NA,NA,https://dl.dropbox.com/s/koj6ttw9evf8wpb/13-jano-na-re-bondhu.mp3,NA,NA
রুখে দাঁড়াব, জীবন পাখি যায় উড়ে,সৃজন সাহিত্য সাংস্কৃতিক সংসদ,NA,NA,NA,https://dl.dropbox.com/s/doyuns7tx4np4fo/14-rukhe-darabo.mp3,NA,NA
আজ সবার কাছে, জীবন পাখি যায় উড়ে,সৃজন সাহিত্য সাংস্কৃতিক সংসদ,NA,NA,NA,https://dl.dropbox.com/s/ai7lt9p5v18jant/15-aj-sobar-kache.mp3,NA,NA
যুদ্ধে যাব, জীবন পাখি যায় উড়ে,সৃজন সাহিত্য সাংস্কৃতিক সংসদ,NA,NA,NA,https://dl.dropbox.com/s/se4y7ki16szajtu/16-zuddhe-zabo.mp3,NA,NA
বাগানে কত ফুল,হিজল বনের পাখি,হাসনা হেনা আফরীন,NA,NA,NA,https://www.dropbox.com/scl/fi/mtq04rt7menxhkdybubjs/1-bagane-koto-koto.mp3?rlkey=wu01fmqvbd0elgtdx0ogozf5j&st=9krkq4oc&dl=1,NA,NA
চালতা পাতার কাজ,হিজল বনের পাখি,হাসনা হেনা আফরীন,NA,NA,NA,https://www.dropbox.com/scl/fi/swjfu7o4imd15xy0953ye/2-chalta-patar.mp3?rlkey=slqif9ra30barzhxeshksalub&st=6bwu5w3h&dl=1,NA,NA
ছোট পাখি ছোট তার,হিজল বনের পাখি,হাসনা হেনা আফরীন,NA,NA,NA,https://www.dropbox.com/scl/fi/1dntk0ajowdmapwndaond/3-chhoto-pakhi-thote-tar.mp3?rlkey=z9fpp8wsnwgrk6obma8wrvl16&st=fr0h4uak&dl=1,NA,NA
দিনটা যেন মোমের,হিজল বনের পাখি,হাসনা হেনা আফরীন,NA,NA,NA,https://www.dropbox.com/scl/fi/07fgrubw21qamdhrk9iqy/4-dinta-jeno-momer.mp3?rlkey=ltdcmc2e4trhxji6nkmoj4lil&st=1hnn40s9&dl=1,NA,NA
হে মেহেরবান,হিজল বনের পাখি,হাসনা হেনা আফরীন,NA,NA,NA,https://www.dropbox.com/scl/fi/i0bdn4so97jcbey2i4job/5-he-meherban.mp3?rlkey=ppmi3mglaank3oytcjw2mvq3g&st=ff7woalm&dl=1,NA,NA
হলদে ডানার সেই পাখি,হিজল বনের পাখি,হাসনা হেনা আফরীন,NA,NA,NA,https://www.dropbox.com/scl/fi/svlptat6uajhpgoyyi8rt/6-holde-danar.mp3?rlkey=05a9nw72lcgc7k1ie4w6i6q1z&st=5efbk48i&dl=1,NA,NA
জাগ্রত ছাড়ো ঘুম,হিজল বনের পাখি,হাসনা হেনা আফরীন,NA,NA,NA,https://www.dropbox.com/scl/fi/99bjx91w4b1qcngrxd7jo/7-jagroto-chharo-ghum.mp3?rlkey=mbhpqlrrycymy5nh7neha239m&st=tuhti7cj&dl=1,NA,NA
কর্ণফুলী শোনো,হিজল বনের পাখি,হাসনা হেনা আফরীন,NA,NA,NA,https://www.dropbox.com/scl/fi/f9m8ka9evr50ssz5eupk2/8-kornophuli-kornophuli.mp3?rlkey=m6zoveghcries67y24cr3pqsl&st=ex9pjc03&dl=1,NA,NA
নীল ছাতাটা আকাশ,হিজল বনের পাখি,হাসনা হেনা আফরীন,NA,NA,NA,https://www.dropbox.com/scl/fi/rximxnuhbiu9uoykkt0sa/9-nil-chhatata.mp3?rlkey=x3o6hqwwrtp0xpdrahvq3c8m8&st=dzt9hfx4&dl=1,NA,NA
নদীর তীরে বসত,হিজল বনের পাখি,হাসনা হেনা আফরীন,NA,NA,NA,https://www.dropbox.com/scl/fi/2tzduc6bgahpmwho0zmx3/10-nodir-tire-bosot.mp3?rlkey=8800ahtliyt02hxfu0n8gt0ps&st=vro0ryak&dl=1,NA,NA
ওরে নিশিগন্ধা,হিজল বনের পাখি,হাসনা হেনা আফরীন,NA,NA,NA,https://www.dropbox.com/scl/fi/50velm3gh00u8he63dzu8/11-ore-nishigondha.mp3?rlkey=2n4bhpfurk84r6d37nseo20o6&st=bjcdtvg8&dl=1,NA,NA
পদ্মা নদীর পাড়ের,হিজল বনের পাখি,হাসনা হেনা আফরীন,NA,NA,NA,https://www.dropbox.com/scl/fi/tg4520ph9rzowff75hq8h/12-padma-nodi-parer-moto.mp3?rlkey=8509ijcnh067nhm3hhsqm03sb&st=yukh0ndy&dl=1,NA,NA
সাহস বুকে রাখো,হিজল বনের পাখি,হাসনা হেনা আফরীন,NA,NA,NA,https://www.dropbox.com/scl/fi/odfqpage90ogqlopmdmrk/13-sahos-buke-rakho.mp3?rlkey=1t4ui9iq0i93mzcp5gub9i770&st=mtj8oorh&dl=1,NA,NA
সালাতে বসল না মন,হিজল বনের পাখি,হাসনা হেনা আফরীন,NA,NA,NA,https://www.dropbox.com/scl/fi/rfujpwz5o6l2cwkx4jgq0/14-salate-boslo-na-mon.mp3?rlkey=ho9zcui3ogpmqk9grp3kvzaq1&st=ctounqbx&dl=1,NA,NA
সেই সংগ্রামী মানুষের,হিজল বনের পাখি,হাসনা হেনা আফরীন,NA,NA,NA,https://www.dropbox.com/scl/fi/8sz17h0fopeifdrv64756/15-sei-songrami.mp3?rlkey=ywfu857bibhcpwsvg5sirh999&st=zquc4jr3&dl=1,NA,NA
